,Access to Credit,Access to Healthcare,Age,Annual Income from Agriculture,Crop Insurance Coverage,Education Level,Farming Practices,Frequency of Entries to Disease Sites,Frequency of Entries to Drug Abuse and Distribution Sites,Frequency of Entries to Fraud Sites,Frequency of Entries to Gambling Sites,Gender,Internet Access,Irrigation,Land Ownership,Land Size (hectares),Loan,Marital Status,Membership in Agricultural Cooperatives,Mobile Phone Ownership,Online Purchase of Agricultural Inputs,Overdue Debt Value,Soil Quality,Trust Category,Usage of Agricultural Apps,Yield (kg/hectare)
0,1,0,49,3425314,2,1,2,0,0,3,2,1,0,1,2,1.4637897393458652,1,1,0,0,1,21852,1,1,0,6126
1,2,2,21,2059075,0,2,1,2,2,1,0,0,0,0,1,0.7400695017046732,0,1,1,2,0,44094,0,2,1,3539
2,0,0,40,2295435,0,2,0,1,2,0,1,1,1,1,1,0.996084308120113,0,1,0,1,1,10657,1,1,2,6729
3,1,0,19,3890352,2,2,1,0,0,3,2,0,1,4,1,1.1817637185347234,0,2,1,0,0,32747,0,1,1,4970
4,1,2,21,2224348,0,0,3,2,0,2,2,0,1,3,2,0.5583162909859796,0,1,1,1,0,35895,1,1,0,7769
5,1,1,47,1252508,1,1,3,2,1,3,1,1,1,4,1,1.6946663788975478,0,2,1,1,1,2637,2,1,2,7809
6,0,1,21,1229212,0,1,2,2,0,0,0,0,0,2,1,1.5644131564449053,1,2,0,2,1,14439,0,1,2,5558
7,0,1,25,2247127,1,0,0,0,1,0,0,1,0,2,0,0.5022634684458542,1,0,0,2,0,33656,1,3,0,4769
8,2,0,39,1398712,0,0,3,1,0,1,3,1,0,2,0,1.4289372412927879,0,0,1,1,0,23553,1,1,2,6954
9,2,1,40,1336017,1,2,1,0,3,2,3,0,1,1,1,1.1785293261751024,1,1,1,2,1,18943,2,1,1,6155
10,2,1,22,1240446,0,1,1,1,0,3,0,0,0,4,2,1.2267316703194262,1,2,1,2,1,45703,1,2,0,5167
11,2,2,48,1672888,1,1,3,2,2,0,0,0,0,3,2,1.6703816511778873,1,1,0,2,0,47844,1,3,0,3605
12,1,2,24,3143411,0,1,0,1,0,0,1,1,0,0,1,0.9208185942233609,1,0,0,2,0,29876,1,1,0,7015
13,1,2,29,1069635,0,0,1,0,0,2,2,1,0,4,2,0.9579520630420206,0,0,0,0,0,42454,0,3,1,5066
14,1,2,30,2935982,1,0,1,2,1,2,1,0,1,3,2,2.4776748749656594,1,2,0,0,1,10411,1,1,0,3744
15,1,0,42,1137353,0,0,1,2,2,1,1,0,0,0,2,1.2472268125253596,0,0,0,0,1,9013,0,1,2,7382
16,1,1,23,2393692,0,1,1,3,3,1,3,1,1,2,2,1.3933316640549365,1,2,1,0,1,13148,2,1,0,4781
17,0,0,27,1908867,0,0,0,0,3,2,0,1,0,4,2,1.5646822604056914,0,0,0,2,0,16514,0,2,1,5893
18,0,0,30,2497930,1,1,3,0,1,3,0,1,1,3,0,1.8911465578524105,1,1,1,2,1,14907,1,1,0,7935
19,1,2,39,2669550,2,1,0,0,3,3,0,0,1,3,1,1.630647037375881,0,2,0,0,0,14931,1,1,0,6368
20,1,1,42,3459252,0,1,3,3,0,3,2,0,0,0,1,1.4826800258523716,1,2,1,2,0,500,1,1,1,5226
21,2,1,24,1157088,0,2,0,2,1,1,2,0,0,0,2,0.8608179816498747,1,0,1,0,1,27957,2,2,2,4151
22,1,2,18,3039456,2,1,1,2,2,3,3,0,0,0,1,1.2630327926710205,1,1,0,0,0,47860,2,1,2,3246
23,0,0,49,3151299,1,0,2,1,0,2,3,0,1,1,2,0.6575643207252087,0,0,1,1,1,42973,1,1,0,5493
24,1,0,47,1611699,1,0,1,2,0,2,0,1,0,1,1,1.6685844786049184,1,1,0,2,0,32186,1,1,2,3741
25,2,0,37,1371059,2,0,0,0,0,1,0,1,0,1,0,2.40403929876415,1,0,0,1,0,45548,1,2,1,5361
26,2,0,20,3041170,2,1,1,3,0,2,1,0,1,2,1,0.9453372267355138,1,2,1,2,1,4136,0,1,0,7699
27,2,1,38,3419189,0,1,1,2,0,1,3,1,1,1,1,1.4719521713548913,0,2,1,1,0,17921,0,1,2,5510
28,1,1,31,3637236,0,2,1,3,0,3,3,1,1,4,2,0.6406587196938103,1,1,1,1,1,46740,0,1,1,6830
29,1,2,23,2402904,0,1,3,2,2,3,0,1,0,4,2,0.6248362849140707,0,1,0,2,0,38200,0,1,0,6924
30,0,2,48,1273852,2,2,1,1,3,0,3,0,1,1,2,0.5301157687273064,1,0,0,0,1,46088,2,2,2,4908
31,1,0,19,1158802,2,0,0,2,3,3,3,1,1,3,2,1.119832190843157,1,0,0,1,0,5626,0,1,2,6776
32,0,0,22,2563638,1,0,3,0,2,3,2,0,0,0,2,1.6732455076199262,1,2,0,2,1,43412,0,2,1,3689
33,2,0,44,1663772,0,1,1,2,1,3,2,0,0,2,1,0.6392805136175448,1,0,0,2,0,37266,1,1,0,6779
34,1,1,19,2980567,0,1,1,1,3,0,3,1,1,0,0,0.8801949623820187,0,0,0,0,0,28673,1,1,1,6348
35,1,1,23,3455837,1,0,2,1,3,3,0,1,0,4,1,1.580383435878462,0,1,0,1,0,28444,2,1,2,4406
36,2,1,34,1843858,2,1,2,0,2,2,3,0,0,1,2,2.1577016338477275,0,2,0,1,1,21613,0,1,0,7406
37,0,1,23,1521511,2,2,3,0,0,0,1,1,1,2,0,2.343778038987794,1,1,1,1,1,12109,1,2,0,6479
38,0,1,21,2244687,2,1,3,2,0,1,1,0,1,0,0,1.8800421162872192,0,0,1,0,1,34670,2,1,2,5127
39,0,2,44,3663855,1,1,0,1,1,3,0,0,0,1,1,0.8027057379813807,1,1,0,1,1,31916,2,1,2,7192
40,2,0,22,2451297,1,0,0,1,3,0,1,1,1,3,1,1.0784276177617966,0,1,1,2,0,15539,2,1,2,7083
41,2,0,26,2482271,0,2,3,2,3,3,0,0,0,0,1,2.248635749613973,1,1,1,1,0,3901,1,1,0,3703
42,2,0,19,3568926,2,2,0,3,2,1,1,0,0,4,2,1.7723447332593072,1,1,0,0,1,39829,1,1,2,4495
43,2,0,40,2335191,2,1,1,0,2,0,0,0,1,1,0,1.611779389594806,1,0,0,2,1,24711,1,2,0,3647
44,2,0,48,3387350,0,2,3,3,3,2,2,1,1,2,0,0.5249285832772217,1,2,1,1,0,21034,0,1,1,4457
45,0,1,38,3629230,1,0,0,0,0,1,0,0,0,0,0,1.3844498653111295,1,1,1,1,1,47356,1,1,1,7819
46,2,0,44,1281759,0,2,3,0,3,0,1,1,1,2,0,1.7203642550136071,1,1,0,2,0,11711,0,3,0,4983
47,2,1,26,1220844,1,0,1,0,2,3,1,0,0,2,1,2.3643792821137,1,1,1,2,1,18700,2,1,1,4770
48,0,2,46,2435956,1,2,1,1,2,3,3,1,0,3,2,2.2391704919160285,1,1,0,0,0,19443,1,1,2,7423
49,1,2,25,1850852,1,2,0,1,1,1,0,0,0,3,0,0.9605849848595729,0,2,1,1,1,11822,2,2,0,3402
50,1,1,34,1321401,0,1,3,0,1,3,3,1,0,3,1,2.4486825839921806,1,2,1,1,0,36286,0,1,2,6509
51,2,1,27,2414782,2,2,2,0,3,3,1,0,0,2,1,1.6136434895290768,0,2,0,2,1,25810,0,1,1,7205
52,2,2,19,1035332,1,2,2,1,0,2,1,0,0,1,1,1.7514315180562168,1,0,0,2,0,31020,0,1,1,4895
53,1,0,25,1585207,0,0,2,3,0,1,3,1,0,3,2,2.0518624303437893,1,2,0,1,0,1329,1,1,0,7591
54,1,1,23,1176472,2,1,3,2,3,1,0,1,0,3,1,1.799865173141894,0,1,1,0,0,49395,0,1,1,7279
55,0,0,43,1422752,0,1,0,3,0,2,3,1,1,2,2,0.8345978181383202,0,2,0,0,1,22348,1,2,1,6187
56,0,2,29,2320521,1,0,2,0,3,1,1,1,1,1,2,2.1933228234353557,0,0,0,1,1,24372,1,1,1,7806
57,2,0,36,1502253,1,0,0,3,0,2,3,0,1,0,1,0.5792131436346504,0,1,1,1,1,20662,2,1,2,5945
58,2,0,30,3185415,0,1,1,0,0,2,3,1,0,3,0,2.303374780935507,1,2,0,1,1,38047,0,2,1,6025
59,2,2,49,3361679,0,2,0,1,0,2,2,1,0,4,2,0.6797118648152949,0,1,0,1,0,35386,0,2,2,7837
60,1,0,18,2749564,0,0,1,3,2,1,3,1,1,4,1,1.1390177056660094,1,0,0,1,1,10507,1,1,1,3709
61,0,0,29,1572429,2,0,0,2,0,1,2,1,1,0,1,2.3366706045677788,0,0,1,1,0,6266,2,2,0,3300
62,1,1,19,3567067,1,1,0,0,2,3,3,0,0,0,2,2.2904591403720063,1,1,1,1,0,31993,1,1,2,5780
63,1,0,40,2149779,0,2,0,1,3,2,2,1,1,4,1,1.6340758477285797,0,1,0,0,1,43251,2,1,1,3805
64,0,1,27,3819227,2,2,3,2,3,1,2,0,1,3,1,1.540467555055892,1,0,0,1,0,40473,1,1,0,7941
65,1,1,19,1363398,0,2,1,3,3,0,1,1,1,4,2,2.1275408487951633,1,1,0,2,0,16504,0,1,2,6677
66,0,0,48,2595098,2,1,1,2,0,1,0,1,0,0,0,1.6356073125234591,1,0,0,2,0,25310,1,2,1,5484
67,0,1,37,3376436,0,2,3,3,3,2,1,0,0,1,1,0.8665914903878964,1,0,0,0,0,11705,2,1,0,5823
68,0,1,39,2946993,0,0,2,2,1,1,0,0,0,0,2,1.7497252194374642,1,1,0,2,1,17873,1,1,1,3849
69,2,0,47,1865914,1,1,2,0,3,3,0,0,0,3,1,1.3024774580654939,0,0,1,1,0,37819,0,2,2,5466
70,0,1,48,3639252,2,2,1,0,0,0,1,1,0,0,1,1.0416465557548427,0,1,0,0,1,27204,1,2,0,5511
71,0,2,36,3771513,1,0,2,3,2,0,2,0,1,3,0,2.348044320441206,0,2,0,1,0,5453,0,1,2,6883
72,0,0,35,1187527,1,2,1,2,2,0,2,1,1,1,1,2.3796608707893103,0,1,0,0,1,34544,2,1,0,3943
73,2,1,22,3790489,0,0,3,1,3,3,1,1,0,1,2,1.5481716898049747,0,2,0,2,1,24,0,1,2,4163
74,2,1,49,2100071,1,2,2,3,0,1,2,1,1,1,1,2.1613383522836758,1,1,1,0,1,28911,0,1,2,3029
75,2,1,36,1322850,2,2,3,3,1,3,0,1,0,2,2,0.6947628779335897,1,2,1,1,1,5464,1,2,1,6698
76,0,2,27,3386524,2,1,1,0,3,3,1,0,0,0,0,1.9621602925731554,1,0,0,1,0,25490,2,2,1,3691
77,1,2,28,1179322,1,1,1,2,0,1,1,0,0,0,2,1.7313672425012323,1,2,1,1,0,48320,1,2,1,3655
78,2,0,32,3261337,1,0,2,3,3,2,2,1,0,1,1,1.263137085802099,0,0,1,0,1,16453,2,1,0,7341
79,0,1,20,3898348,2,0,2,3,1,2,1,0,1,4,1,1.184544711371199,1,1,1,0,0,17804,0,1,2,3144
80,0,0,25,3309302,2,1,3,2,3,1,1,0,0,3,0,2.3574944985463917,0,0,1,1,1,40262,0,1,2,6093
81,1,0,49,3204109,2,2,0,3,1,2,2,1,1,4,2,1.7401938384608415,0,0,0,2,0,34566,0,1,2,3377
82,2,2,44,2266226,1,0,1,2,0,0,2,0,0,1,0,2.3649710102160446,0,1,0,2,1,17217,1,1,2,4410
83,2,0,38,2516142,0,0,1,1,0,2,3,1,0,2,0,1.725545153173117,0,2,1,1,1,9833,1,1,1,7346
84,1,0,34,3310854,0,2,2,0,2,1,1,1,0,2,2,1.405896747156334,0,0,1,0,1,42072,0,1,1,4291
85,2,0,48,1285618,0,1,0,3,0,3,0,0,1,1,2,2.4574228129237317,1,0,0,1,0,29139,1,2,1,5341
86,1,1,19,2047616,1,0,1,3,2,3,0,0,0,0,2,2.3289120297713213,1,1,1,2,0,32042,1,1,2,5644
87,2,2,43,3963400,1,2,1,0,3,0,2,1,0,3,1,1.391277478795788,0,1,1,1,1,44046,0,1,1,5340
88,1,0,38,1841732,1,2,3,0,0,1,3,1,0,4,2,0.80371997459432,0,2,0,1,1,46136,1,2,0,4643
89,1,1,18,2006494,1,2,3,1,3,0,0,1,0,1,1,2.031117615976008,1,2,1,1,1,7882,0,1,2,3846
90,2,2,40,1769955,1,1,0,1,1,1,3,0,1,0,1,1.4175459084645379,0,2,1,0,0,30881,1,1,2,6296
91,1,2,31,2006761,0,2,1,2,0,3,2,0,0,2,2,2.277750097107344,1,0,0,0,0,33386,0,1,0,6702
92,1,2,28,3607124,0,2,1,3,1,3,3,1,1,0,0,1.947288136788371,1,1,1,2,0,35960,1,1,0,6899
93,0,1,25,1075223,2,2,2,3,0,3,2,0,0,3,0,2.482654389531537,0,0,0,0,1,25715,2,1,2,5585
94,0,2,41,3007945,2,2,0,3,3,0,1,1,0,0,2,1.7643189723365051,0,2,1,2,1,42575,1,1,0,7008
95,0,0,42,2969177,0,1,0,0,2,2,1,1,0,0,2,1.2671507426591708,0,1,1,2,0,34326,0,1,0,7380
96,0,0,30,2130108,1,0,2,3,1,2,1,0,0,2,0,1.298753097019809,1,2,0,1,0,18991,2,2,1,3960
97,1,0,31,2672710,0,2,0,3,3,1,1,1,1,2,1,1.5766651889406664,1,1,0,1,0,42766,0,1,0,7144
98,1,0,31,3365746,0,1,2,1,1,2,3,0,0,0,1,1.787950307608272,1,1,0,0,1,47871,1,1,1,7116
99,2,2,44,3977578,0,1,3,1,3,3,1,1,0,0,1,0.9656277777918758,1,0,0,0,1,45875,2,1,2,3497
100,0,2,20,1756001,1,1,0,2,2,2,1,1,0,2,0,0.6002560720649981,1,1,1,2,1,25918,2,2,2,4500
101,1,2,21,1955574,2,2,1,0,1,1,0,1,1,1,2,1.155032465368475,1,2,0,0,1,22317,1,1,2,7437
102,0,1,29,3834595,0,0,1,1,0,2,0,1,1,4,0,2.249595000762973,1,2,0,2,1,41360,1,1,1,5904
103,2,1,24,2502820,2,0,1,1,3,2,0,1,0,4,0,1.984533264861602,1,2,1,1,0,33553,2,2,0,3309
104,2,2,26,1952208,2,1,2,3,3,3,2,0,0,0,0,1.8983023374527734,0,1,0,1,1,7298,0,1,0,7985
105,0,0,32,2852018,2,0,2,3,2,1,3,1,0,1,2,0.6670528867665468,0,2,1,0,0,38529,2,1,0,4644
106,0,2,19,2416170,1,0,1,0,1,3,0,1,1,0,2,1.6041805551219583,0,1,1,1,0,34139,2,2,1,6663
107,0,1,46,1096791,2,1,1,3,3,2,0,0,0,0,1,0.5558537872754541,0,0,0,0,0,31603,0,3,0,4100
108,1,0,21,2113000,0,1,1,2,1,1,0,0,0,3,0,1.1084136176507193,1,2,1,0,1,33362,1,1,1,3427
109,1,2,22,2722860,1,0,0,2,2,3,3,1,0,0,2,1.6622789788481283,1,1,0,1,0,9667,2,1,2,7281
110,2,0,29,1010993,2,0,2,2,3,3,2,1,1,2,1,2.304692247474102,0,0,1,1,0,21578,2,1,0,3777
111,2,2,41,3334713,1,0,0,1,2,0,0,0,0,1,2,1.7623737402387407,1,0,1,1,1,6302,2,1,0,5072
112,0,2,36,1526033,0,1,1,3,0,3,1,0,0,2,0,1.2212349845922503,0,2,0,1,1,6761,1,2,1,4259
113,2,0,40,3860265,2,0,0,2,0,0,3,0,1,1,1,2.4176858914678316,1,0,1,1,1,16368,1,1,2,5226
114,2,2,36,3830796,2,2,3,0,3,2,0,1,0,0,2,2.1275154108908736,0,1,1,2,1,49134,0,1,1,7590
115,1,0,49,1654677,2,0,2,2,3,3,2,0,0,4,0,2.2774925517236397,1,0,0,1,1,1690,2,1,0,3987
116,0,1,30,1606392,0,0,2,1,1,3,1,0,1,4,2,1.488769204395922,0,1,1,1,0,37243,0,1,2,3645
117,1,1,49,3225931,0,1,1,0,2,3,2,1,1,1,0,2.096473881927711,1,2,1,0,0,17984,1,1,1,6205
118,1,0,49,2379998,0,0,1,1,3,3,0,1,1,4,1,0.9281514019152035,0,0,0,2,0,3809,0,1,0,6534
119,2,0,33,3548236,0,0,1,3,2,2,3,1,1,0,1,1.1237020237027613,0,2,1,2,1,8185,2,1,0,3076
120,0,0,19,2799829,0,0,3,3,2,1,2,1,1,1,0,0.8060295050718473,1,0,1,1,0,46968,2,1,2,6386
121,0,2,39,2860620,0,1,3,1,0,0,0,0,1,4,2,2.336106983522538,0,0,1,1,1,38547,2,2,1,3402
122,1,2,37,2585622,0,0,2,3,3,3,0,0,1,1,1,1.915148829365628,0,2,0,2,1,3475,1,1,0,4122
123,1,2,43,2637264,0,2,2,3,2,2,0,0,1,1,2,1.2356473111924755,0,0,0,0,0,19030,2,1,2,4020
124,0,0,37,3833386,0,1,3,1,2,3,3,1,0,2,2,1.1447436885038285,1,1,1,2,1,36598,2,1,0,6743
125,2,2,26,1500660,2,1,1,0,3,3,0,1,0,4,1,0.6661579059171512,1,1,1,1,1,15525,0,3,1,6129
126,0,0,48,1291111,0,1,1,1,0,0,1,1,1,3,0,1.876104591900229,1,1,1,0,0,13481,0,2,0,7084
127,2,1,27,3146566,1,2,0,1,2,1,1,1,1,1,0,2.4280706844752435,1,0,0,1,0,29883,0,1,1,7876
128,1,1,21,1218821,2,1,2,0,2,2,3,0,1,3,0,2.351513984466003,1,0,0,1,1,15750,2,1,0,6782
129,2,0,38,2776169,2,1,1,0,0,1,2,0,0,4,2,1.3918664787681068,0,0,1,2,0,40049,0,2,2,6614
130,0,2,26,3029436,0,1,2,3,1,3,2,1,0,0,0,2.232641584481632,1,1,0,1,0,11995,0,1,2,4931
131,1,2,29,3180469,1,0,1,2,2,2,3,1,1,2,2,1.4939543992485598,0,2,0,2,0,40836,2,1,2,5933
132,1,1,26,2090434,0,1,2,2,2,3,2,0,0,1,2,0.7636921845754971,0,2,0,0,0,8134,0,1,2,5044
133,1,2,18,3313797,2,2,3,1,0,3,0,0,1,0,2,2.297453512851624,0,1,0,0,0,22112,2,1,0,7312
134,0,2,48,1231191,0,2,1,2,1,2,3,0,0,0,2,2.284722563880682,1,1,0,1,1,16430,1,2,0,5521
135,2,2,32,2333815,2,1,3,1,3,2,3,1,0,1,1,1.0248556468548848,0,2,0,0,1,48089,1,1,1,7902
136,0,1,34,1908076,2,1,0,3,1,2,2,0,0,0,2,1.3027131829341314,1,0,1,0,0,47110,2,2,0,7646
137,2,2,37,3424957,2,2,3,0,2,1,3,1,1,0,2,1.6756581239583719,1,0,1,2,0,7963,2,1,0,5191
138,0,1,30,2417348,2,0,3,3,1,1,3,0,0,1,1,1.255935865042052,1,0,1,2,1,31930,2,1,1,7116
139,2,2,26,2086423,1,2,1,0,0,0,3,0,0,3,2,1.9940363147555902,1,0,1,1,1,25735,1,2,2,6731
140,0,0,38,1702520,1,2,0,0,1,0,0,1,1,0,2,1.955381028208147,0,2,0,1,0,10710,0,3,1,5387
141,0,0,21,1396333,1,2,0,3,0,0,0,1,1,3,0,1.3924679142331808,0,2,1,1,1,9921,1,2,2,5932
142,0,2,24,2117485,0,1,0,0,3,2,1,0,0,0,2,1.3706636638942884,0,0,1,0,1,31183,0,2,1,7865
143,1,1,41,2121289,0,0,2,0,0,2,3,0,1,0,1,2.377901861079278,1,0,0,2,0,38607,0,1,2,4492
144,0,1,35,2188496,1,1,1,1,2,0,2,1,0,1,0,2.31698730631465,0,2,0,1,0,13264,2,2,1,4492
145,0,0,45,1270237,0,0,0,3,0,2,1,1,0,1,0,1.455000542073479,1,1,0,2,0,40283,2,1,2,3901
146,1,1,18,2415102,1,1,3,2,1,1,0,1,0,0,2,1.289331440656609,1,0,0,2,0,6868,2,1,2,4878
147,2,1,33,3357946,2,0,2,2,1,1,0,0,1,0,0,0.640942811103508,0,0,1,2,0,40231,2,1,0,4043
148,2,1,44,3121869,0,0,2,1,1,0,3,0,0,4,0,2.4147362036535993,0,1,0,2,1,26172,0,1,2,3030
149,1,0,27,1565472,1,1,2,0,1,1,0,0,1,3,1,1.428127355830759,0,1,0,2,0,1238,2,1,1,6640
150,0,0,22,2183654,2,2,0,0,2,1,3,0,0,0,2,1.4652601380542805,0,1,1,0,0,40256,2,2,2,6081
151,2,2,20,1171396,1,2,2,3,2,3,2,0,0,4,2,0.7991076061922553,0,2,0,0,0,28455,2,2,1,7157
152,1,2,42,1158676,1,1,2,2,0,1,1,1,1,2,2,1.5943517264751863,1,1,0,2,0,38405,1,1,1,7033
153,1,0,20,3237006,1,1,3,1,3,2,3,1,1,2,1,1.2500685927246835,1,0,0,2,1,42109,1,1,2,7944
154,1,2,34,1985384,1,0,0,3,3,2,0,1,0,0,0,2.2122810921427405,0,0,1,2,1,29019,2,1,0,7679
155,2,0,44,1738666,0,2,3,3,1,2,0,1,0,4,2,0.8046117019147603,1,0,0,2,1,31063,1,2,1,3865
156,2,2,30,3034420,1,1,2,1,2,1,3,0,0,2,1,1.7814036223239225,1,2,1,0,0,21121,0,1,2,3742
157,0,0,42,1263392,2,1,2,0,1,0,1,1,0,1,1,1.6092417775228902,0,0,1,0,1,17982,1,1,1,4881
158,0,0,37,1269096,1,0,3,0,3,2,1,1,1,3,2,1.8377245901635848,0,1,0,2,0,23749,2,2,0,5146
159,1,1,30,3331166,1,0,3,1,2,2,1,1,1,4,0,2.111842122890046,0,2,1,1,1,40952,2,1,0,3254
160,0,2,21,3213578,0,1,3,1,1,2,3,1,0,4,1,2.328346469357803,1,0,0,1,0,40843,0,1,2,3773
161,0,0,24,1596886,1,2,1,2,0,0,3,1,0,1,1,1.6481111193007532,0,0,1,1,1,9586,2,1,2,5692
162,0,2,25,3161525,2,0,1,1,2,3,3,0,1,4,2,0.5524530137513846,1,1,1,2,1,8714,0,1,0,6686
163,0,0,45,2965037,1,0,2,3,1,1,1,1,0,2,2,0.6683783458062735,0,0,1,2,1,14370,1,1,2,6653
164,2,2,29,2788378,1,1,1,1,0,3,0,1,1,4,2,1.1688444754359777,1,0,0,2,0,18752,0,2,2,5646
165,0,1,21,1466437,2,1,2,3,2,3,2,0,0,3,2,2.2287710230626714,0,0,1,0,0,26798,0,1,1,7193
166,1,0,30,3708422,0,0,3,0,1,3,0,0,1,3,2,1.2310447942866198,0,1,1,1,1,42857,2,1,2,4861
167,0,0,29,3550684,0,0,0,3,1,0,1,0,0,0,0,0.8364421177501549,0,0,0,2,0,8678,1,1,0,6675
168,2,2,29,2611146,0,1,2,0,3,0,1,1,1,0,1,1.7032689948614224,0,0,0,1,0,19572,2,1,0,4343
169,2,2,20,1472415,1,1,2,3,2,0,3,0,0,4,2,1.8517561283221182,1,1,1,2,0,27718,0,1,2,6357
170,2,2,26,3700200,2,1,0,2,2,2,1,1,1,1,0,1.305616170917594,1,1,1,0,1,13677,0,1,2,4290
171,2,0,42,3676315,0,0,1,0,3,0,2,0,1,3,1,1.2548600595758947,0,2,1,1,1,10527,0,1,2,4186
172,0,1,30,2732600,2,1,0,0,1,2,3,1,0,1,2,1.364588185530559,1,0,0,2,1,49582,2,1,0,7860
173,2,2,40,2641445,0,0,3,1,1,3,3,0,1,4,0,2.1961605550474617,0,0,0,1,1,17999,2,1,0,6707
174,1,2,46,1030288,1,0,2,2,3,0,2,1,1,0,2,0.7989776882448052,1,1,0,1,0,8164,2,1,2,4131
175,0,0,19,3566761,2,2,2,1,3,0,3,0,0,4,2,0.7305886780912656,0,1,1,2,1,32547,1,1,1,3113
176,1,0,19,1089738,2,0,0,3,1,0,3,0,1,0,2,2.4187174895540737,1,0,0,1,0,14916,2,1,1,6918
177,2,2,38,2059506,2,2,1,2,3,0,3,0,0,0,1,0.9421357455577632,1,1,0,2,1,27531,2,1,2,7650
178,0,1,45,1992766,2,2,0,0,0,1,2,1,1,2,0,1.7770706715832587,1,1,0,0,0,30112,0,2,2,5053
179,0,0,18,2721893,0,1,3,1,2,3,1,1,0,1,0,1.6000304291058853,1,2,0,2,0,39149,1,1,1,5378
180,1,2,33,3845623,2,1,2,0,2,2,3,0,1,1,2,0.7647626773953415,1,0,0,2,0,4802,2,1,2,5374
181,0,0,49,3546875,2,0,0,3,0,1,0,0,0,0,1,0.6120954874790343,0,0,1,1,1,34014,2,1,0,6160
182,2,0,41,2872713,2,0,1,1,3,3,3,1,0,4,2,1.307552931679885,0,2,0,2,1,46444,2,1,2,3903
183,1,1,29,3137865,2,0,2,3,0,1,2,1,1,0,2,1.2154242286676302,0,0,0,1,0,43457,1,1,0,6157
184,1,1,37,1635767,1,0,1,3,3,1,3,0,0,1,1,2.1410764640720794,0,0,1,2,1,7002,1,1,1,5235
185,1,1,49,3699772,2,1,0,2,2,1,3,1,1,2,0,1.207486377368191,0,1,1,1,0,4499,0,1,0,6160
186,1,0,26,2286464,1,2,2,0,2,1,2,1,1,4,0,2.283512323169002,0,0,1,0,0,48934,1,1,2,6114
187,1,0,21,2993323,0,2,1,0,0,0,2,1,0,3,2,1.5964092004960682,0,0,1,0,1,10865,0,2,1,3475
188,0,2,30,2535390,1,0,1,2,0,0,2,0,1,4,1,0.5243718929257168,0,0,1,0,1,12960,0,2,2,3097
189,2,1,31,2269411,2,2,2,2,3,1,1,0,1,3,1,0.5010216484446632,1,1,1,1,1,38475,0,1,0,3439
190,1,2,45,3972740,0,1,3,1,1,0,3,0,1,1,2,1.1739126159745956,0,1,0,0,1,46384,0,1,1,5339
191,0,1,45,1605319,1,2,2,0,2,2,2,0,1,3,2,1.771579294451647,1,0,0,0,0,21530,0,2,0,6204
192,1,2,24,2771419,0,0,3,0,3,0,1,0,1,1,1,2.1911742766022693,1,2,0,2,0,47715,1,1,1,6041
193,2,0,34,3933650,2,0,0,1,3,1,0,1,0,3,1,1.6745742904158056,1,0,0,1,0,37347,1,1,1,5342
194,0,0,48,3970984,2,1,0,2,0,3,3,0,0,3,1,0.6999391718484487,0,2,1,0,0,40890,2,1,0,6619
195,2,2,27,2170857,1,0,2,2,2,3,3,1,0,4,0,1.771850155594163,1,1,1,1,0,5935,0,1,1,5903
196,2,2,42,1375770,1,0,3,0,0,2,2,0,1,1,2,2.1718330825289196,1,0,1,1,1,509,2,1,2,4349
197,2,2,31,3188425,1,0,2,1,2,3,0,0,0,3,0,1.2067927545540298,0,2,1,1,0,48206,1,1,0,3816
198,1,0,27,2824322,0,2,2,3,1,3,0,0,0,3,1,2.260052484766262,0,0,1,0,1,36296,0,1,1,4967
199,2,0,26,1729728,2,1,0,3,3,3,2,0,1,0,1,1.0179187382872048,1,0,1,0,0,39107,2,2,1,4238
200,1,2,49,3469558,2,0,2,2,3,0,1,0,0,2,0,2.2830103476595163,1,2,1,2,0,18710,1,1,1,4562
201,1,1,45,3756462,2,0,3,2,1,0,1,1,0,0,1,0.7678958754863794,1,1,0,0,1,23560,0,1,0,7632
202,1,2,39,2608103,0,0,2,1,3,2,2,1,1,3,2,1.1542957166902996,1,2,0,2,0,43864,1,1,1,3020
203,1,1,44,1411166,1,0,2,0,1,1,2,0,1,2,2,2.1988584843773236,0,2,0,2,1,28330,0,1,2,7741
204,2,1,38,3813774,2,2,3,2,2,1,0,0,0,0,0,1.746625019850454,0,1,1,2,0,26524,0,1,1,5325
205,0,1,42,3553435,0,0,1,3,0,3,1,1,0,3,2,2.1914045039759764,1,1,0,0,1,45133,1,1,2,6444
206,0,1,25,3280112,2,1,3,1,2,2,3,0,0,2,1,2.2040989220127227,1,0,0,0,1,36676,2,1,2,3668
207,0,2,25,3764587,2,2,3,1,2,3,2,1,0,3,0,0.7421490662821506,1,1,1,2,1,6528,0,1,0,4043
208,1,2,49,1853237,2,2,1,1,3,0,3,1,1,0,0,1.8930322989639223,0,2,0,0,1,5713,2,1,2,7396
209,2,2,20,3969335,1,2,1,0,2,3,1,1,1,1,1,0.8532110811394018,1,0,0,1,1,27697,1,1,1,7985
210,1,0,36,1451698,1,2,1,3,2,3,0,1,0,0,2,1.0087225024090158,0,1,1,0,0,27851,2,2,0,6459
211,0,2,18,3964762,2,1,0,2,1,1,3,1,0,3,1,2.4190709830481376,0,0,1,0,0,19402,0,1,1,5698
212,1,1,19,1445458,0,0,2,2,3,2,0,0,1,4,2,2.057112829592132,1,1,1,0,1,48924,1,1,0,4991
213,0,0,47,2787772,2,2,0,1,0,2,0,1,1,1,0,1.7320944256005035,0,2,1,1,0,42865,0,1,1,7695
214,2,2,43,1368765,1,1,1,2,0,1,0,0,0,1,1,2.1785488710610665,1,0,0,1,0,25218,2,3,1,3106
215,2,1,48,2021095,0,0,3,0,2,3,3,1,1,2,1,1.5740587162527564,1,1,0,2,1,49081,2,1,2,5096
216,1,2,46,3878927,1,1,2,3,0,3,2,1,1,0,2,1.1670725915376214,0,2,1,0,0,32134,1,1,1,6516
217,0,1,48,3410817,0,2,1,1,0,0,2,1,0,4,1,1.4175040741333753,0,0,0,0,1,35998,0,1,1,7265
218,1,0,37,3334814,1,1,1,2,0,3,0,0,0,1,2,2.2472884104612403,0,0,0,0,1,29129,1,1,2,4726
219,2,2,22,1304454,1,2,1,3,2,1,1,1,1,4,1,2.360258732481057,1,0,0,1,1,20297,2,2,0,5989
220,1,0,46,3388116,2,1,0,1,0,1,3,0,1,4,1,1.7750370947023992,0,2,1,2,1,48425,0,1,1,6564
221,0,2,38,2849492,1,0,1,2,3,2,2,0,1,3,0,1.0892797316390768,1,1,0,0,0,24946,2,2,2,3609
222,1,1,39,3220344,2,2,3,2,2,3,2,1,0,2,1,1.345428053617601,1,1,0,1,0,22803,1,1,1,7517
223,0,1,33,3915997,2,2,3,3,1,3,3,1,0,4,2,1.1828144956985716,1,0,0,1,0,45896,0,1,2,7339
224,2,1,18,2809674,1,0,2,3,0,2,3,0,1,4,0,1.9839159044993941,0,2,1,2,0,44605,1,1,0,3259
225,0,2,49,2543174,2,2,1,2,0,2,2,0,1,1,2,1.7437996751823135,1,2,1,1,0,33339,1,1,0,4985
226,0,0,35,3200005,0,1,2,3,0,1,3,0,1,2,1,1.408158801831197,1,0,1,2,1,27949,0,1,1,6906
227,0,2,23,1237372,2,0,0,1,1,3,1,1,0,2,0,1.1453021725768542,1,0,1,0,0,8337,1,1,2,7890
228,1,0,46,3114690,2,1,0,2,3,0,3,0,0,1,2,2.0083825980371,0,1,0,0,0,19354,0,1,2,6765
229,0,1,29,3053523,1,1,1,1,0,1,3,0,1,3,0,2.263907450073022,0,0,1,0,1,23221,2,1,2,4946
230,1,2,31,1073132,0,2,3,1,2,3,2,0,0,4,2,1.3070308767472465,1,1,0,1,1,44583,2,2,0,4404
231,1,2,38,3439538,0,2,1,1,1,1,0,1,0,3,1,2.3596029331775714,1,0,1,0,0,38369,2,1,2,4776
232,1,0,32,1937322,0,2,2,1,3,0,2,1,0,3,1,1.6740979177650466,0,1,1,1,1,3085,0,1,1,4335
233,2,2,43,1537727,1,2,0,2,2,0,0,1,0,4,1,1.2407769118744476,0,2,0,2,1,18421,1,2,0,4726
234,1,1,45,1135236,2,2,2,2,1,2,1,0,1,2,2,2.2046344940676645,0,2,1,2,0,37693,0,1,0,6655
235,1,2,34,1208458,1,0,3,3,0,3,0,1,1,1,2,1.8740259941522044,0,2,0,1,1,45195,0,1,0,4973
236,2,0,28,3650650,2,0,2,1,1,0,2,1,1,4,0,2.262393673472797,1,1,0,1,1,44203,0,1,1,3491
237,1,0,20,3699991,2,1,0,0,1,1,2,0,0,4,2,0.8267543227516068,0,2,1,1,1,761,2,1,0,7182
238,1,2,30,3384720,2,0,1,3,3,3,3,1,1,1,0,1.752706598869317,1,0,0,2,1,41442,0,1,2,5508
239,1,1,33,2289770,1,2,1,1,2,3,1,1,1,3,0,2.100154849117521,1,0,1,1,0,6048,1,1,0,3276
240,0,1,43,2498479,1,0,1,1,2,2,0,0,1,3,1,1.9713696526211428,0,0,1,0,0,25137,0,1,2,7477
241,1,2,46,1700799,0,0,1,0,2,3,0,0,0,1,1,1.5472879810318427,1,0,1,2,1,7154,1,1,0,6078
242,0,2,26,1121106,0,2,0,0,0,2,2,0,1,2,1,0.5533703650533304,1,2,1,2,0,11575,0,2,1,5983
243,1,1,47,1801979,0,1,0,2,1,3,0,0,0,4,2,2.2171968173939156,1,0,0,2,1,46723,2,1,1,7102
244,1,2,32,3418570,1,0,3,3,3,1,0,1,0,1,1,0.8395827482184175,1,2,1,1,1,6442,0,1,2,3108
245,2,2,43,3113378,0,0,3,0,2,0,2,0,0,3,0,1.0292338743284988,0,0,0,0,1,11482,2,2,2,3664
246,2,1,19,1224713,0,0,3,1,2,1,0,0,0,3,1,1.0200094167779274,1,1,1,0,0,10484,1,1,0,5846
247,0,1,42,3131940,0,0,3,0,3,3,3,0,0,2,1,2.119060136782002,1,2,0,1,0,23848,2,1,2,7755
248,1,0,26,2731942,1,1,3,1,2,3,1,1,0,1,2,2.1629234779010953,0,2,0,0,1,37023,2,1,1,3478
249,0,2,37,2458930,0,0,2,1,1,1,2,0,0,4,0,0.7928440113811421,1,0,1,2,1,2981,2,1,0,6970
250,1,1,41,2917358,2,2,2,2,3,0,2,1,0,1,2,2.4437304396985144,1,1,1,1,0,22358,0,1,1,4206
251,0,1,30,2810120,0,2,0,2,2,1,1,1,0,0,1,1.724211730777639,1,2,0,1,0,7499,1,1,1,4321
252,1,2,20,3953543,2,1,3,2,1,0,2,1,1,1,1,1.7427920625641624,1,1,0,2,1,17746,0,1,0,3582
253,2,0,49,1918731,2,2,3,0,1,0,1,0,1,2,0,1.793813830346018,0,2,1,0,0,28454,1,2,2,7383
254,0,0,34,1171825,1,1,2,1,0,3,0,0,1,1,0,1.5210809359925328,1,2,0,2,0,17182,1,1,2,5613
255,2,2,25,3014511,1,2,2,2,0,3,0,1,0,1,2,1.8646063705539972,1,1,0,0,0,37811,0,1,1,4445
256,1,1,39,3712280,2,0,2,1,1,2,0,0,1,3,1,0.6794094968455724,0,1,0,2,0,16038,1,1,2,5398
257,2,0,40,3439497,1,0,1,2,3,0,0,1,1,2,0,2.3243592313289803,0,1,1,1,1,4037,0,1,0,4816
258,0,1,44,1445672,2,2,0,3,1,2,3,0,0,4,1,2.283443849122152,1,0,0,1,1,6786,0,2,0,3442
259,2,2,47,1223841,0,1,1,1,1,0,1,0,1,3,0,0.9069008225975457,0,1,0,2,0,46319,2,2,0,6762
260,2,0,49,3116056,1,1,3,1,0,1,3,1,1,2,0,2.264882585183235,1,0,0,2,1,19043,2,1,2,3769
261,0,0,35,2759667,1,0,3,3,3,1,1,0,1,4,0,1.3165594431879462,1,0,1,2,0,34478,1,1,2,5433
262,1,1,19,1654585,1,0,3,3,2,1,3,0,1,0,2,2.3647784965715806,1,0,0,1,1,6089,1,1,1,4258
263,2,2,30,3431818,0,2,0,3,0,1,3,0,0,2,1,1.624031351960285,0,2,1,2,1,10955,2,1,0,5050
264,1,1,33,2595659,0,1,0,2,0,2,2,0,1,4,1,1.5692056831779642,0,0,0,1,0,23564,0,1,0,7049
265,0,0,19,1498222,0,0,2,1,3,0,2,0,0,3,1,0.8318988375372185,1,2,1,1,1,15902,1,1,0,3117
266,2,2,41,2566217,2,2,0,2,3,2,0,0,0,2,1,0.6659456383634732,0,2,1,2,0,21321,2,2,2,3631
267,2,0,39,2220325,1,1,0,1,1,0,3,1,1,3,1,0.6891842149779841,1,0,0,2,1,20865,1,1,0,4974
268,2,2,33,2914300,0,0,1,1,0,0,1,1,1,1,1,1.2356657168302143,0,1,1,0,1,23640,0,1,2,5022
269,0,2,24,3702699,1,0,0,1,3,3,2,0,1,4,1,1.4365124069201884,0,0,0,2,1,42324,2,1,0,5383
270,2,0,25,2024375,2,0,3,3,2,1,1,0,0,4,0,2.489693854657804,1,2,0,0,1,33715,1,1,0,7024
271,0,1,23,2884827,0,0,2,3,3,0,3,1,1,3,1,0.9475856838441048,1,2,1,1,0,26832,0,1,2,5897
272,1,0,44,3617386,0,2,1,2,0,3,3,0,0,4,0,1.980779817118906,1,0,0,0,1,48169,2,1,2,4550
273,0,0,44,1484559,0,1,1,1,2,2,2,1,0,4,0,2.4022078393606767,1,0,0,0,0,29583,0,2,0,4898
274,2,2,32,2478546,0,2,2,1,2,2,0,1,1,1,0,1.5125603690281164,0,1,0,1,0,40163,1,1,2,4377
275,0,0,27,2285036,1,2,2,1,0,3,3,0,1,1,2,2.3682006441233563,0,1,1,2,0,18528,0,1,1,4863
276,1,0,48,2597744,2,2,1,0,1,1,2,0,1,3,1,0.6867989162322743,1,2,1,2,1,3547,0,1,2,5626
277,0,2,18,3490653,0,2,2,0,0,0,2,0,1,3,0,1.9010489051168673,0,0,0,2,0,1493,2,1,1,4595
278,2,2,47,2983291,1,0,2,2,3,0,3,1,1,0,0,1.9571876758034061,1,1,0,2,1,33059,0,1,2,5990
279,0,0,38,1397332,2,0,2,2,0,1,0,0,0,1,1,1.8351027457120492,0,2,0,2,0,21288,1,1,2,4536
280,0,1,26,2003582,1,2,3,2,1,3,2,1,0,4,2,0.6973901710455146,0,2,1,1,1,74,0,2,1,3091
281,2,2,43,3187853,0,2,1,2,2,2,0,0,1,4,2,0.8283722447691688,1,1,0,2,1,31866,2,1,0,4324
282,0,2,21,1688494,1,2,1,0,1,0,0,0,0,4,1,1.4031688433890979,0,0,0,1,1,36283,0,3,0,7527
283,0,0,49,1519299,1,0,2,0,2,0,0,1,0,0,1,2.36502119917368,1,2,1,0,0,18678,1,1,2,7647
284,0,1,45,1295555,2,1,0,0,1,3,3,0,0,2,1,0.9835398390607171,0,0,1,0,1,988,2,2,1,7047
285,0,0,43,3612252,0,2,2,0,0,1,3,0,0,1,2,2.1213402938821235,0,2,1,1,0,9181,2,1,1,7473
286,1,1,20,2032865,1,0,3,2,0,3,2,1,1,3,0,1.259355636223493,0,2,0,0,1,10857,1,1,1,6588
287,1,0,43,1169795,1,2,3,1,3,2,1,1,1,0,1,1.3400317794448184,0,2,0,0,1,20832,2,1,1,7981
288,1,0,21,3576577,1,1,2,2,1,3,1,1,0,2,2,0.7314221013663946,1,1,0,1,0,9528,0,1,0,6148
289,2,2,36,2389234,0,0,1,0,2,2,1,0,1,2,2,2.1772693188475376,1,2,0,0,1,48556,0,1,2,3785
290,0,1,23,1470811,1,2,0,1,3,0,1,0,1,1,1,1.6432324506047595,0,1,1,2,0,2144,1,1,2,6837
291,1,0,35,1386658,1,2,2,0,2,1,2,1,0,4,2,1.1971280007480474,0,1,1,1,0,33393,0,2,0,4768
292,2,1,47,1876054,2,1,2,3,3,0,2,1,1,0,2,0.7516615057178713,1,2,1,2,1,33554,2,1,1,4660
293,2,0,18,1669778,0,2,1,1,2,3,2,0,0,1,2,0.8173418920317439,1,0,1,2,1,19079,0,1,0,4617
294,0,1,39,3752904,1,1,1,1,3,2,1,0,1,0,0,1.6865061913418364,1,2,0,2,1,12838,1,1,2,5123
295,2,0,47,3910449,2,2,0,2,0,0,2,1,0,3,0,2.3452609083416145,1,1,0,2,1,42606,2,1,0,6239
296,2,1,45,2547759,1,0,1,2,0,2,2,0,0,4,1,2.1293470667819223,0,1,0,1,0,34253,1,1,1,4329
297,2,0,23,1825906,2,1,0,3,2,1,2,1,0,2,0,1.376684487555026,1,2,1,0,0,48301,1,2,0,5529
298,0,1,36,2623090,2,0,0,2,1,3,3,0,0,0,2,1.623755785404455,0,0,1,0,1,47746,0,1,0,3351
299,0,1,19,1278748,0,1,2,3,2,1,0,0,1,1,0,0.6861368597717359,0,2,0,0,0,29225,2,1,2,3641
300,0,1,45,1797108,1,0,3,3,3,1,1,1,0,3,1,0.9414637157846792,1,0,1,0,0,40287,2,2,0,4818
301,1,2,35,2721402,0,2,3,1,1,3,3,0,0,0,2,0.8202819365986402,1,0,1,0,1,2306,2,1,2,4072
302,2,2,30,1201643,1,2,2,1,3,0,0,0,1,3,1,1.6859753437666143,1,2,0,1,1,30449,2,2,0,7795
303,0,2,26,2926540,0,1,0,1,3,1,3,1,1,2,0,0.9489876659002867,1,0,1,2,1,45192,2,1,0,4637
304,1,1,49,1165782,1,0,2,0,3,1,3,0,1,0,0,1.1356363176493947,1,0,1,1,1,20855,1,1,0,6328
305,2,0,34,3864323,0,1,2,3,1,2,3,1,0,0,0,1.079152394860424,0,2,0,0,0,4319,0,1,1,5593
306,1,1,40,2716533,2,1,2,2,1,1,2,0,0,0,1,1.924465192593315,0,0,0,0,0,15917,2,1,0,7957
307,2,2,30,2034321,0,2,1,2,2,1,3,0,0,4,0,1.76474273672693,0,1,0,2,0,37652,1,1,0,7918
308,0,0,19,3663811,2,0,1,1,2,2,1,0,0,2,0,1.2802873777420454,0,0,1,0,0,46265,1,1,0,4792
309,1,0,38,3610460,2,0,2,2,3,1,3,1,0,2,0,1.8520326388697657,0,0,1,0,1,9233,2,1,1,3539
310,0,2,18,3786781,1,1,3,1,3,1,3,1,0,1,0,2.1008427475678815,1,2,0,0,0,34527,1,1,1,7984
311,1,0,42,1435178,0,0,3,0,0,2,0,0,1,2,1,0.648246494187463,0,2,0,1,0,5070,0,2,1,6461
312,2,1,42,2749910,1,2,1,3,3,3,1,1,1,0,1,1.9658025984702274,1,2,1,0,1,33342,2,1,2,4046
313,2,1,42,1716412,2,0,2,3,2,2,3,0,0,3,0,1.6136358699244808,0,2,1,0,1,21742,2,1,1,4850
314,2,1,26,1598514,2,0,2,1,1,3,3,1,1,1,2,0.5570710559185426,1,0,0,1,1,12513,2,1,0,7368
315,2,0,37,1043522,2,2,2,2,2,1,2,0,1,1,0,1.9129080730579786,0,0,1,1,0,21303,1,1,0,5642
316,2,2,40,1710359,0,2,3,1,0,3,1,0,1,1,1,1.8147790693303827,0,0,0,2,1,40437,0,1,0,3301
317,2,1,48,1245626,1,0,2,2,1,1,1,0,1,2,2,0.7992325906012987,1,0,0,1,1,30159,2,1,2,5955
318,0,0,43,1670528,0,1,0,2,2,3,0,1,1,0,1,1.7320951858850515,1,0,1,2,0,10716,2,1,1,6158
319,2,1,25,1661149,1,2,2,2,3,0,1,1,0,4,2,2.0144323813136067,1,0,1,2,1,47584,0,1,1,5555
320,1,0,36,1988698,0,0,1,1,3,0,3,1,0,2,0,2.407867375982007,1,1,1,0,0,26230,1,1,0,4710
321,2,0,19,3762456,1,0,3,2,3,1,0,1,1,2,1,1.2744972485934807,0,0,1,2,0,38484,1,1,0,3090
322,1,0,28,2786065,0,1,2,1,0,2,0,1,1,0,0,2.3050034472626235,0,2,1,1,0,38279,2,1,1,7173
323,1,1,48,2871932,1,1,1,0,0,3,0,1,1,1,0,0.8379357339460851,1,1,0,2,0,46668,1,1,0,3631
324,1,2,48,1322472,2,2,2,2,0,1,1,0,1,1,1,1.55244005733747,1,0,0,1,1,19690,2,1,0,7736
325,0,0,25,1122698,1,1,3,2,2,1,3,0,1,0,1,1.0952116585025502,1,1,1,1,0,49373,0,2,2,7192
326,2,0,33,3842597,1,1,0,3,2,3,2,0,0,0,0,1.4556261380842586,0,0,1,0,0,19171,0,1,1,7510
327,2,2,26,2444445,2,1,0,2,0,1,1,1,0,2,0,1.8173522770519592,1,0,1,0,0,15900,1,2,2,3743
328,1,0,47,3264151,0,2,3,0,3,2,3,1,1,1,0,1.0775329480793758,1,1,1,1,0,14379,1,1,0,6865
329,2,0,40,3366299,1,2,0,0,3,1,2,0,1,1,1,2.1814014638826977,1,2,1,2,1,4890,1,1,0,3072
330,1,1,31,1877411,2,0,1,2,3,1,2,0,0,1,1,1.028941317495184,0,2,1,2,1,33580,1,1,2,4618
331,1,0,21,1828506,0,2,3,0,3,3,1,1,1,4,2,1.878116957341602,0,0,1,1,0,40991,1,1,0,5979
332,1,0,49,2675313,0,1,0,3,0,3,2,1,0,4,0,1.437863351563892,1,2,1,1,0,5684,0,1,2,4830
333,0,0,44,1204486,2,0,3,0,2,2,3,1,1,2,1,1.8833641217327792,0,2,0,0,1,29835,0,2,0,5923
334,2,0,30,3425775,1,2,1,2,0,1,2,0,1,4,1,1.9006381680175284,1,0,1,2,1,16249,0,1,1,6363
335,2,2,24,3933271,2,1,3,2,2,0,1,0,0,4,2,0.8532526330514809,1,0,0,2,1,37153,0,1,0,7836
336,0,0,48,1071385,2,1,3,1,0,2,1,0,1,4,0,0.8879746569990394,1,1,0,2,1,35559,2,2,1,7600
337,2,1,47,1466126,1,0,1,2,2,1,0,0,0,4,0,0.6315662617477706,0,0,0,0,0,7448,1,3,0,4003
338,1,2,40,2186627,2,0,0,0,0,0,2,1,0,1,1,0.7831246035707673,1,2,0,2,1,48747,1,1,1,6242
339,1,1,46,2832734,0,1,0,1,1,1,0,0,0,1,0,2.414267092405196,0,2,0,0,0,10565,1,1,1,4786
340,1,0,27,2691941,2,1,1,3,0,0,1,0,0,3,1,1.4733141941714738,0,2,1,2,1,14108,0,1,1,6064
341,2,1,33,3629023,2,0,3,1,0,1,3,0,1,2,1,0.5377790935701494,1,1,1,0,0,32338,2,1,0,3812
342,0,1,22,3823387,2,1,0,0,2,0,3,0,1,0,1,0.9622030417670655,1,2,1,0,1,30630,2,1,2,4713
343,2,1,21,3333087,0,2,3,2,3,3,1,1,0,1,1,0.8191762019300943,0,0,0,2,1,25454,1,1,0,5155
344,2,2,33,2981222,0,1,3,3,1,0,1,0,0,0,2,1.269870980517357,0,0,0,1,0,25787,2,2,2,5215
345,2,1,25,1031509,1,2,3,0,0,2,1,1,1,4,1,1.840542584424144,1,2,1,0,0,610,1,2,0,3784
346,0,1,32,1279794,2,1,3,0,3,3,3,0,1,0,1,2.4398816105361507,1,2,0,1,1,2476,2,1,1,6702
347,2,1,32,3244028,0,2,2,1,0,3,1,0,1,0,2,2.328841605100741,0,1,1,0,1,5102,1,1,0,4618
348,2,0,41,3686849,2,0,1,1,2,1,3,1,1,1,2,2.1981329604833943,1,2,0,1,0,27606,1,1,0,6730
349,1,0,22,3367700,1,0,3,2,3,2,1,1,1,1,2,0.8095629448768025,1,0,1,0,1,12742,2,1,1,4965
350,1,2,23,1496272,1,0,0,0,1,1,2,0,1,2,2,0.7910524501994549,0,1,0,2,0,30259,1,1,0,5009
351,2,1,24,2905416,2,1,1,1,0,3,2,0,0,3,1,1.7877279996936357,0,1,0,1,1,28219,1,1,1,7815
352,0,1,18,3972735,0,2,1,2,3,3,1,0,1,3,1,0.7231346701142527,0,1,0,1,0,10378,0,1,1,6355
353,2,0,44,2420896,1,0,3,0,1,0,2,0,1,4,1,1.26033304934676,1,1,1,0,0,5788,2,1,2,6834
354,1,1,18,3348048,2,0,0,3,2,3,2,1,0,0,2,2.3342763020590525,1,2,0,1,0,20417,0,1,1,6008
355,2,2,34,3677398,2,0,2,1,3,1,1,0,0,0,1,0.766711159665556,1,0,0,2,0,49280,2,1,1,6147
356,0,1,46,2392638,2,0,0,0,2,1,0,0,0,2,2,2.3823473221816167,0,2,0,2,1,49073,0,1,1,6539
357,0,0,32,1575919,0,0,1,3,1,0,0,1,0,2,0,1.625368946678202,0,0,1,1,0,47054,0,3,1,3224
358,0,0,44,1566122,0,0,1,0,2,1,1,1,0,4,2,2.1987789847385293,1,1,1,0,1,21891,1,1,0,4203
359,2,1,19,1783510,0,2,2,1,0,0,2,1,1,3,0,1.7775410154558722,1,2,1,2,1,6631,1,1,1,4967
360,1,0,20,3706202,2,1,1,2,0,1,3,0,0,3,2,0.8276686428270397,1,1,0,2,0,32765,2,1,1,7735
361,1,1,30,2549479,0,0,2,1,1,3,3,1,1,0,1,0.7054702972779929,1,0,0,1,1,6972,2,1,2,7481
362,1,0,35,3301946,0,1,0,2,1,3,2,1,1,3,2,1.9445995668242275,1,1,1,2,1,41046,1,1,1,3909
363,0,0,49,3450366,0,2,2,1,2,1,0,0,0,4,2,1.6212218963024325,0,0,0,0,1,17046,0,1,1,6017
364,2,1,43,3541491,1,0,3,3,0,0,1,0,0,4,2,2.147892264131656,1,1,1,0,1,21672,0,1,2,4702
365,1,2,27,1460686,2,2,1,1,2,3,0,1,1,1,1,2.4052551322733784,0,0,0,0,1,21887,0,1,2,6205
366,2,2,25,3378158,1,1,1,0,2,3,1,1,1,2,0,2.0396493292498614,0,1,1,2,1,28642,0,1,1,6964
367,1,2,32,2594704,1,0,1,2,2,1,2,0,0,3,1,2.343223365411971,1,2,1,0,1,16316,2,1,1,4819
368,2,1,39,3806464,0,1,1,1,1,3,2,0,1,0,2,1.2868068191683413,1,0,0,1,1,42800,0,1,1,7932
369,1,2,26,3021379,0,1,1,0,0,2,0,0,0,3,2,2.1472089670554304,0,0,1,2,0,40085,2,1,0,5568
370,2,2,48,3787158,2,1,1,2,1,2,0,1,1,2,1,2.1050913630249304,1,2,1,0,0,19006,0,1,2,7454
371,0,1,38,2639033,2,0,1,1,0,1,1,1,1,2,1,2.0655796664212964,1,2,1,1,1,13096,2,1,2,6931
372,2,2,36,3050757,2,0,2,2,2,3,1,1,1,3,0,2.391161208140457,1,2,0,1,0,20987,1,1,1,7954
373,1,1,47,1418249,0,1,1,1,2,0,0,0,1,1,0,1.8637719490379014,1,1,1,2,1,13656,0,1,1,7546
374,2,2,39,1345008,1,2,3,3,2,3,0,0,1,1,1,0.8785148783695214,0,1,0,1,0,39045,1,2,1,4370
375,1,0,49,2537297,0,2,2,1,0,1,2,0,1,4,1,1.7091921210383512,0,0,1,0,1,18466,2,1,1,3571
376,1,2,42,3008613,2,1,3,2,2,1,0,0,1,1,0,1.1897308215611064,1,2,1,2,1,31199,1,1,0,7006
377,2,1,27,1470330,0,2,3,2,0,1,0,0,0,1,2,1.185881699580388,1,1,0,2,1,5028,2,2,1,4449
378,1,0,35,3713350,1,2,3,1,3,1,1,0,1,0,1,1.2886506427240079,1,1,1,2,0,20858,2,1,2,4688
379,0,2,31,3755226,1,0,2,0,2,0,2,0,0,1,2,1.028643521105972,1,2,1,2,1,40298,0,1,1,7879
380,1,1,36,1661785,0,1,0,0,0,3,2,1,1,2,0,1.0205522466935641,1,2,0,0,1,31281,0,1,2,6925
381,2,1,20,2824528,0,0,1,1,0,0,2,1,1,2,2,1.57262725417548,0,1,1,0,0,32629,0,1,1,3056
382,1,2,38,3041716,1,0,3,2,1,0,2,1,0,3,0,1.2461370448857896,1,0,0,0,0,12877,0,1,2,4036
383,0,0,45,2121673,1,2,0,0,1,2,0,1,1,3,2,2.296245740554126,1,0,1,2,1,49939,1,1,2,5137
384,1,1,35,3023429,2,0,3,1,1,1,3,1,1,1,2,1.5910774254855586,0,2,0,0,0,3615,1,1,2,7914
385,1,2,21,1033673,1,1,0,0,2,3,2,1,1,1,2,1.3892519441201163,0,1,0,1,0,33731,1,1,0,5683
386,0,0,42,2705841,0,1,0,3,0,3,2,1,0,2,2,1.5710029536587287,1,2,1,2,1,33459,0,1,0,5186
387,0,1,49,1448125,0,2,3,3,3,0,0,0,1,1,2,1.520133715328538,1,1,1,1,0,41092,0,1,0,5468
388,0,0,22,1881195,1,0,1,3,0,1,0,0,0,2,0,2.001778686610977,0,2,0,0,1,39506,2,3,1,4749
389,0,1,43,3700031,2,0,3,0,3,3,3,0,1,2,0,1.0635285189132009,0,1,1,2,1,25665,0,1,1,3133
390,1,1,33,1448493,0,1,0,3,2,2,3,1,0,3,0,1.6680251992934665,0,1,0,1,1,28169,0,1,1,4603
391,0,1,35,3159529,1,2,0,3,0,0,0,1,1,0,2,0.749967591976709,1,0,1,0,0,21880,2,2,2,6371
392,1,0,19,2693993,2,1,3,2,0,3,1,1,0,2,2,0.9269216476062927,1,1,0,1,1,47262,0,1,2,6896
393,0,2,48,2994992,0,2,1,3,2,3,1,1,1,2,0,0.8747354514152357,0,1,0,0,1,42822,1,1,1,6787
394,1,2,33,1767245,0,2,0,1,2,3,2,0,0,1,0,2.087304662257882,0,1,1,0,1,23511,1,1,0,7121
395,1,1,44,1419829,1,0,2,2,1,3,2,0,1,3,0,1.7452124062612,0,1,1,2,0,6919,0,1,0,7066
396,2,2,24,3062854,1,1,0,2,3,0,2,1,1,4,1,1.9298977896563039,0,2,1,0,1,26334,0,1,1,6143
397,0,2,41,2621766,2,2,1,2,1,3,3,1,1,4,2,0.5123041733095324,1,0,0,0,0,5674,0,2,0,4642
398,0,2,20,3533805,1,2,0,0,2,3,3,0,0,3,1,2.409129403662104,0,2,1,0,1,43012,0,1,2,4419
399,0,1,25,2748002,0,0,1,0,3,0,3,0,1,4,1,0.8902028362250114,1,2,0,0,1,36700,1,1,1,7291
400,2,0,40,1212296,1,2,3,2,0,3,2,0,1,1,1,2.352850419874803,1,1,1,2,1,38687,0,1,0,5629
401,2,1,19,1080130,1,0,3,2,2,3,0,0,0,4,0,2.4189961750340263,0,1,1,1,1,48832,2,1,1,7966
402,1,2,34,3668238,0,0,1,1,2,1,1,0,1,2,1,1.5786507200230664,0,2,1,0,1,4902,0,1,0,6730
403,1,2,22,1396916,1,1,1,3,3,3,1,1,0,1,2,1.6747077239141626,1,0,1,1,1,46184,1,1,1,3292
404,1,2,49,2419710,0,0,1,3,0,1,2,1,1,3,0,0.8540107975401448,1,1,0,0,0,44864,1,1,1,4878
405,0,2,32,1659073,2,2,0,2,2,0,1,1,1,2,1,1.7168346299047617,0,2,1,0,0,6026,0,2,1,4798
406,1,2,39,3616307,1,0,2,0,1,3,0,1,0,4,2,1.347702710541176,1,0,1,0,0,23174,1,1,0,3403
407,1,2,34,2572195,0,0,3,2,2,0,0,1,1,2,1,0.8615916439454923,1,1,0,1,1,45122,0,1,1,6006
408,0,0,37,1833393,1,0,2,2,2,1,2,0,1,3,0,1.7162042055793072,0,1,0,1,0,9270,2,1,1,7685
409,2,0,24,1510554,2,0,1,3,1,0,0,1,0,1,0,1.1740064930913205,0,0,0,1,1,43693,1,2,1,6120
410,2,2,46,3475373,2,0,2,2,3,3,3,1,0,1,2,2.3188686401034175,1,2,1,2,1,220,1,1,2,4193
411,2,1,36,2502836,0,2,3,1,3,2,0,1,1,1,0,1.4911948448210144,0,0,0,0,0,48173,1,1,2,5317
412,1,0,27,2549327,0,2,1,0,2,0,0,1,0,2,1,1.3727067050528232,0,1,1,0,0,5030,2,2,2,3030
413,1,2,35,3329131,0,1,0,2,2,1,0,1,0,2,1,2.2633522651773728,0,2,1,2,0,13330,0,1,2,4078
414,2,0,39,2359903,0,0,0,0,0,1,3,0,0,1,1,0.5214826336634957,0,0,1,1,1,2235,0,1,2,7487
415,0,1,21,3801867,1,2,0,2,2,1,1,0,1,3,2,0.9661704099563975,0,2,0,1,1,32953,2,1,2,5687
416,0,0,23,1823046,0,0,2,2,0,1,3,1,1,3,2,1.4612928150127147,1,1,0,0,1,24803,2,1,0,4562
417,0,1,44,3425992,0,2,1,0,3,0,3,0,0,0,1,2.15380964492995,0,2,0,1,0,23231,2,1,0,4709
418,0,1,23,1394971,2,0,2,0,0,2,3,1,1,3,2,1.7829235880070806,0,2,0,2,0,34450,0,1,2,3950
419,0,0,36,1307207,1,0,2,1,0,2,2,0,0,2,1,1.986126873349254,0,2,1,0,1,2966,1,1,1,5389
420,0,1,34,1580238,2,1,0,0,3,0,1,1,1,2,1,0.8284952976447908,1,2,1,0,0,1073,2,2,2,6768
421,1,0,24,3181426,0,1,1,0,0,1,3,1,0,2,1,2.48669708118239,0,0,0,1,1,20663,0,1,0,5070
422,1,2,40,1352307,2,1,1,3,3,2,3,1,1,2,2,1.2877674280079965,1,0,0,0,0,22324,2,2,2,5994
423,1,1,48,2545048,1,2,2,0,2,0,1,1,1,2,2,2.435520971515646,1,1,0,2,0,24110,0,1,1,6775
424,2,0,42,1433924,2,0,0,1,3,2,0,0,0,2,1,1.7129873628427192,0,0,0,2,1,11335,2,2,0,5939
425,2,0,47,2915634,0,2,3,1,0,2,2,1,1,1,0,0.559664552335916,0,1,1,0,0,22296,1,1,1,3538
426,2,1,49,2506785,1,2,1,3,0,2,2,1,0,1,0,1.5366503050073246,0,0,1,2,1,14729,1,1,1,3963
427,2,1,26,3133966,1,0,0,1,2,0,2,0,0,2,0,1.892575199575262,0,0,1,1,0,34235,2,1,1,4312
428,0,1,35,2647624,2,1,2,2,3,2,2,1,0,0,1,0.684926779382329,1,0,1,2,1,19872,1,1,0,4125
429,0,2,35,1309610,0,0,3,0,3,3,2,1,1,3,1,1.8562718696522325,0,0,1,0,0,15433,2,1,1,6716
430,2,2,33,2752583,0,2,1,1,2,2,2,0,0,0,0,2.102816691754021,1,0,1,2,0,11239,2,1,1,7210
431,2,1,20,1408281,1,0,3,2,2,1,2,1,0,1,0,1.6100403927167015,1,0,1,0,1,42896,2,1,2,7220
432,1,0,44,3448258,1,0,0,3,0,0,0,0,0,4,2,1.2894745212936625,0,2,1,0,0,30699,2,1,0,7665
433,0,0,43,2964383,0,0,3,3,1,1,2,1,0,2,0,2.1470709716974383,1,1,1,0,1,39148,1,1,1,7980
434,1,0,46,3101388,2,1,3,3,3,3,2,0,0,0,1,1.3254846329981842,0,2,0,0,0,25661,0,1,1,3458
435,0,0,39,3772503,2,0,1,0,2,0,3,1,0,4,0,1.1308547869734913,1,0,1,0,1,13279,2,1,2,4751
436,0,2,38,1589697,0,1,1,3,0,2,3,1,0,4,1,2.4317596048679615,1,1,1,2,1,39534,0,1,0,6775
437,0,1,20,1310573,0,1,3,1,3,0,1,0,0,2,1,0.5262303925993277,0,0,0,1,1,948,0,2,1,4420
438,2,1,25,2353754,1,0,0,1,3,1,3,1,0,2,0,1.8806152820936481,0,1,0,2,0,47049,0,1,1,5542
439,1,2,47,2037366,2,1,1,1,2,2,0,1,1,4,0,2.4256354270243854,0,0,0,0,0,20022,0,2,2,3025
440,1,0,44,2889424,0,2,3,3,3,1,3,1,0,3,1,1.4402255043167829,0,0,1,2,1,10552,1,1,1,7381
441,2,2,21,1157027,2,0,2,3,0,2,2,0,0,4,0,1.1609731527914817,1,1,1,0,1,40808,0,2,2,3383
442,2,1,41,1863938,1,1,3,0,2,3,2,0,1,3,1,1.8976603847810223,0,2,1,1,0,40929,1,1,2,6337
443,1,1,37,2616367,0,2,0,0,1,2,1,0,1,1,2,1.9996792800960073,1,1,0,2,0,18342,2,1,0,4713
444,1,0,19,1871127,2,1,0,1,3,0,0,0,0,1,2,1.200886889724205,0,2,1,0,1,39292,1,1,1,4196
445,1,1,21,1589674,0,1,2,1,1,2,2,1,0,2,1,1.348757672541391,1,2,0,1,0,14679,1,1,2,4964
446,0,1,37,3251329,0,1,3,3,0,3,1,1,1,3,0,0.5233615174348509,1,2,1,2,1,45207,2,1,0,6411
447,1,2,43,3509021,0,0,0,2,0,0,0,1,1,1,1,1.188223817781951,1,1,1,2,1,35233,2,1,0,6228
448,1,1,41,3708176,2,0,0,1,2,2,1,1,0,4,1,1.4899696774305748,0,1,0,1,1,38042,0,1,1,4505
449,1,1,43,1218084,0,0,2,2,2,1,0,1,0,1,1,1.4426471592696652,1,1,1,1,1,10060,0,1,0,4292
450,0,1,38,3725771,0,0,0,2,1,0,3,1,1,3,0,2.335551401649166,0,1,0,2,1,21902,1,1,2,4625
451,2,0,31,1682706,0,1,2,0,2,3,3,1,1,2,2,1.4733672394261248,1,1,1,1,0,10895,1,1,1,7594
452,1,2,39,2290897,2,0,0,3,1,0,0,0,0,0,2,1.7377626349278794,1,2,0,1,1,17255,0,1,1,7972
453,1,1,27,3174635,2,2,3,2,1,1,2,1,1,4,1,1.205051086813121,0,1,1,1,1,46839,2,1,2,4693
454,0,2,47,2670879,0,1,2,1,1,2,2,1,0,2,2,0.782015749528949,1,0,1,2,1,41746,1,1,2,7654
455,0,2,32,3675771,0,0,0,0,0,3,3,1,1,1,2,1.3937248575114416,0,0,0,1,1,16879,1,1,1,5774
456,1,0,25,1348579,2,1,0,0,2,1,0,0,1,4,0,0.7612036522605174,0,2,0,2,1,11006,2,2,2,5358
457,0,2,48,2563864,1,2,0,1,0,2,3,1,0,2,0,1.3354005164678664,0,2,0,1,1,19277,2,3,1,3347
458,2,1,35,1038665,1,0,3,1,0,2,2,0,0,3,2,1.2587818711750927,1,0,1,2,1,13658,0,1,2,4814
459,2,2,47,3405651,2,0,3,3,3,0,2,0,0,1,0,0.8350231521033042,1,0,0,0,0,14412,2,2,1,3240
460,0,1,19,1565339,2,2,3,2,3,0,1,1,1,0,1,1.1743520506610052,0,2,0,2,1,19567,1,1,0,4710
461,1,0,32,3441720,0,1,1,0,1,3,1,0,1,4,1,2.350902979887265,1,0,0,2,0,17743,0,1,2,6897
462,2,1,47,3285356,0,0,2,3,3,2,0,0,0,2,2,0.9074851166696325,0,2,1,0,1,32480,0,1,0,4458
463,0,2,24,1997956,0,2,1,3,2,3,0,1,0,4,0,2.233701046465624,1,0,1,2,1,47190,0,1,2,4958
464,0,0,37,2101951,0,1,0,1,3,3,3,0,0,0,0,1.6540149212668684,0,1,1,0,0,14103,2,2,2,4595
465,0,0,34,1646320,1,2,3,0,0,0,0,0,1,2,1,1.8669606897568343,0,0,1,1,0,9312,2,3,0,4516
466,1,0,24,1570146,2,0,3,2,2,1,2,1,1,0,2,2.175365636106016,1,1,0,2,0,24239,1,1,1,3535
467,1,0,25,2891672,1,0,0,0,2,0,3,1,1,1,1,1.8138938555526158,1,0,0,2,0,23429,0,1,2,3171
468,1,2,49,2571083,2,1,3,1,2,2,1,0,1,3,2,2.2047464312088287,1,1,1,1,1,43267,0,1,0,5083
469,1,1,31,1029576,2,1,0,1,1,2,1,1,0,0,2,2.2268849796707473,1,2,0,0,1,34890,1,1,0,5946
470,2,2,24,1632537,1,2,1,3,2,0,2,0,0,4,1,0.7436993990090388,1,0,1,2,0,23111,0,2,2,7665
471,1,2,43,2027060,0,2,2,1,3,1,3,1,0,1,0,1.1379570656572664,0,1,1,0,0,13969,0,1,0,4687
472,0,2,36,3237894,2,0,1,1,0,3,2,1,0,2,1,0.7641548108944796,0,0,0,0,1,44899,1,1,0,6006
473,1,1,40,2042518,2,1,0,1,1,0,1,0,0,4,1,1.7009905112162829,0,2,1,0,1,22217,2,1,0,3644
474,0,2,18,1558723,0,0,2,1,0,2,3,1,1,3,0,1.6993767977045684,0,2,0,2,0,16260,0,1,0,6497
475,1,0,29,1135121,2,1,1,3,2,3,1,1,1,3,2,2.0012950253476864,1,0,0,0,1,46553,0,1,0,5638
476,1,2,34,1665355,1,1,0,1,1,0,1,1,0,1,2,1.180999734793368,1,1,1,1,0,25446,1,1,2,4072
477,1,2,45,3830105,1,0,0,1,2,2,0,1,1,1,2,0.7031510907232885,1,1,1,1,1,1779,0,1,2,6644
478,1,0,37,3874643,1,0,0,2,3,1,1,0,1,1,2,1.4049189865987186,1,2,0,1,1,4792,0,1,1,3952
479,2,0,22,1844152,1,0,0,3,0,3,3,1,1,0,1,0.8142635659919226,0,1,0,2,0,12484,1,2,0,4180
480,2,0,32,1486675,1,0,2,0,3,3,1,1,1,4,0,1.2059700967595623,1,0,0,1,1,25582,0,2,0,4452
481,2,2,41,2006963,0,1,1,0,3,1,0,1,0,3,0,0.909249413241054,0,1,1,2,1,29973,2,2,0,5676
482,0,1,22,2198328,0,0,2,0,2,2,3,0,0,0,1,0.6846150783434806,1,1,1,1,0,27475,0,1,0,4470
483,1,1,46,3337711,0,0,0,3,1,2,3,1,0,3,2,0.6593997336782575,1,1,0,1,0,12538,2,1,1,6440
484,1,0,29,2661543,2,0,0,2,0,3,3,1,0,0,1,0.5833215563902752,1,1,0,1,0,1514,2,1,1,7151
485,2,1,18,3940470,1,0,3,3,2,3,1,1,1,4,0,1.949708117291278,0,1,1,1,0,38566,2,1,2,3812
486,1,1,26,1526978,2,0,3,2,0,2,1,0,0,4,0,1.7589927263423517,1,0,1,0,1,41814,2,1,2,3491
487,0,2,19,2959930,2,0,0,0,2,1,1,1,1,2,2,1.696653324577852,0,2,0,0,1,34571,0,1,2,7244
488,2,2,19,3847708,0,1,1,0,3,3,0,0,0,4,2,2.294619278192646,1,0,0,2,1,22088,2,1,1,5839
489,0,2,32,2374177,0,2,2,2,0,3,1,0,1,0,0,0.9000598659560546,1,2,1,2,1,1640,0,1,2,4803
490,1,0,48,3631542,0,1,0,1,0,0,3,0,1,2,1,0.5525801086639832,1,1,1,0,1,38860,0,1,2,7537
491,2,0,23,3909414,2,0,3,2,2,0,3,0,1,4,0,2.2201361726913262,1,0,0,2,0,10910,2,1,0,6546
492,0,2,47,3503576,2,1,3,0,0,1,2,1,1,0,1,0.5470363394392241,1,1,1,1,1,37635,1,1,0,6320
493,2,2,29,2175548,2,1,2,3,1,2,1,0,1,4,2,1.3853228864344438,0,0,0,2,1,40288,1,1,2,3596
494,1,2,36,3236551,1,2,1,2,3,3,1,1,0,1,1,1.2329570633633107,0,2,1,0,0,16232,0,1,1,5989
495,0,1,19,3235193,1,0,0,2,1,0,0,0,1,2,1,2.2419099056160827,1,1,0,2,0,28493,1,1,0,5239
496,1,2,41,2829598,1,0,2,3,1,3,1,1,0,1,0,0.9350877225803464,1,1,1,1,1,25129,0,1,0,3746
497,1,0,49,3216049,1,0,0,0,2,3,3,0,1,3,2,0.8114674169537714,0,1,1,2,0,48416,0,1,0,3814
498,0,0,45,2771927,1,0,3,2,2,3,0,0,1,0,2,1.0371366968333566,1,1,1,1,0,3525,0,2,1,4959
499,1,0,28,2593125,2,0,2,1,1,1,1,1,1,1,2,1.5666202642648477,0,2,1,0,0,36683,1,1,0,4303
500,1,2,39,1600249,1,2,2,2,2,3,1,1,1,4,0,0.5724699198531087,0,0,0,0,0,33051,0,1,2,5745
501,1,0,30,2300283,0,0,1,1,3,3,2,0,0,0,0,0.6579474033412946,0,1,0,2,1,47826,2,1,1,3342
502,0,1,45,3456971,2,0,1,0,2,1,3,0,0,4,1,2.0190809807218124,1,1,0,0,0,9126,2,1,0,5324
503,0,2,36,2633213,1,1,3,2,0,0,2,0,0,3,1,2.389220014358628,1,2,1,1,1,46512,1,1,1,6939
504,2,1,30,2471385,0,1,1,1,2,1,2,1,0,4,0,1.2289040803571443,0,1,1,1,1,32361,2,1,0,3254
505,0,1,33,1619689,1,0,3,3,1,3,1,0,0,3,2,0.7684363060780497,1,1,0,0,0,15845,2,2,1,6681
506,2,2,21,1221617,1,2,0,2,1,0,2,0,1,4,2,2.036218450308792,1,0,1,2,0,30571,1,2,0,5767
507,2,0,20,1527268,2,0,3,0,1,3,0,0,0,0,2,2.1276766096919983,1,2,0,2,1,48460,1,2,0,6428
508,1,0,41,1399793,1,1,1,2,2,3,0,0,1,1,2,0.5768838469915631,1,1,0,0,0,6221,0,2,0,6722
509,0,1,18,2933721,0,2,3,0,2,3,3,0,1,3,1,2.4263469897417824,1,1,1,1,0,47093,2,1,2,5571
510,2,2,21,3654267,1,0,1,1,1,3,3,0,1,4,1,1.2081717422810114,0,0,0,1,0,21711,1,1,0,3025
511,0,0,20,3310027,0,2,1,2,1,0,0,1,1,4,0,1.279503555004108,1,0,1,1,0,42287,0,2,1,4204
512,0,0,22,3038948,1,2,0,0,1,3,3,0,0,0,2,1.8664219531288844,0,2,1,0,0,46380,0,2,2,3130
513,0,2,30,3754031,2,2,3,1,2,3,0,1,0,4,0,0.6620474678120483,0,2,0,1,0,49954,0,3,1,3078
514,2,1,38,3511532,1,2,3,3,3,1,0,1,0,3,1,1.4497185472220306,0,1,0,2,0,45037,0,1,2,6302
515,2,0,38,2262314,1,1,3,2,3,2,1,1,1,1,0,0.81185866986932,1,0,1,0,0,40660,1,1,0,7289
516,1,1,48,2718601,1,2,1,2,3,2,2,0,1,4,2,2.1967985305193594,1,1,1,1,1,16605,0,1,2,3625
517,0,1,46,1051088,1,1,0,3,1,2,3,0,1,1,2,1.05278308842207,0,0,1,0,1,23149,1,1,0,4279
518,0,1,18,2993337,2,1,0,3,0,0,0,0,1,2,1,0.789417748985952,1,2,1,2,0,49776,0,2,0,5844
519,2,2,38,2544571,2,1,1,2,3,0,3,0,0,4,1,1.2721445810464942,0,0,0,2,0,2231,0,2,2,5193
520,0,2,49,2504528,0,0,3,0,0,0,0,1,0,4,2,0.7665053027314825,0,2,1,0,0,18951,2,2,2,6536
521,0,0,44,1432009,1,1,2,0,0,0,1,0,1,4,0,0.8043622135464215,0,1,1,2,0,40898,2,2,0,5425
522,0,0,32,3645543,0,1,0,2,1,2,2,0,1,2,2,1.8917312711363088,1,1,1,2,1,17741,1,1,2,3134
523,2,1,32,1550585,2,2,2,2,0,2,1,1,1,3,0,1.513951782796352,1,1,0,2,0,15074,2,1,2,6404
524,1,0,25,1676424,0,1,3,0,3,3,3,1,1,0,1,2.2497455474171595,1,1,0,2,1,41528,2,1,2,5243
525,2,1,33,2581024,2,0,1,0,2,1,0,1,0,3,2,2.4617119988181653,1,2,0,2,0,46683,1,2,0,3944
526,2,0,28,3567313,2,1,2,2,0,1,3,0,0,4,1,2.0676425491756367,1,1,0,2,0,34215,2,1,0,3745
527,0,1,32,3804272,0,0,0,1,2,1,3,1,1,1,2,0.6712440315625523,1,1,0,1,0,17026,2,1,1,5943
528,0,0,22,3675211,2,2,3,3,2,1,3,0,1,0,1,1.790195203728091,1,1,1,1,0,29145,0,1,2,3085
529,0,2,22,3778510,0,1,2,0,2,3,1,1,1,3,0,1.2019143021977006,1,2,1,1,0,844,1,1,0,6277
530,0,2,38,3056658,2,1,3,0,2,0,3,0,0,4,0,1.8996539646346349,0,2,0,2,0,25356,1,2,1,3459
531,0,2,18,3001423,2,1,3,0,3,3,0,0,1,2,0,1.4489621029028965,0,0,1,0,0,24601,2,2,1,4378
532,2,2,41,1338917,0,1,1,2,1,2,1,1,0,0,0,1.1733163066711945,1,0,1,1,1,45304,1,1,2,5464
533,0,0,25,3338199,1,1,0,2,3,2,0,0,0,3,2,0.5862014375849707,1,1,0,0,0,43276,2,3,0,5274
534,2,0,36,2108297,2,2,0,0,0,2,2,1,0,0,1,2.332872797506926,1,0,0,0,1,21527,1,1,2,6682
535,2,0,34,2707699,1,1,0,1,0,3,3,1,0,0,1,0.6084641505214505,0,1,1,1,1,17105,1,1,2,3835
536,2,1,29,3831029,1,2,1,1,3,2,0,1,1,2,0,0.6842356572762245,1,2,0,1,0,11411,2,2,0,6576
537,0,1,33,1234108,0,2,0,2,3,1,1,0,1,1,0,1.7887715064495509,1,2,1,0,0,33178,1,1,2,4409
538,1,1,19,2775977,2,2,0,1,3,2,2,1,1,1,1,1.0190799303835807,0,2,0,1,1,2792,1,1,1,7446
539,0,1,27,3514160,2,1,3,3,2,2,0,1,0,4,2,2.1088448679287293,0,0,1,2,1,20710,1,1,1,6051
540,1,0,48,3416578,1,0,1,3,1,2,0,0,1,4,1,1.724301784324748,1,0,1,2,1,29035,2,1,2,6615
541,1,0,28,3249843,2,0,3,2,3,3,3,0,1,4,0,2.217330640142469,1,2,1,0,1,9736,1,1,1,5043
542,1,0,35,2576259,0,0,1,0,2,3,2,1,1,3,0,1.926796787481446,0,0,0,1,0,7890,0,1,2,7594
543,0,1,38,3827067,1,2,1,0,1,3,3,0,0,3,1,1.111042413099984,0,2,0,1,1,32668,2,1,1,6740
544,2,2,18,3563810,2,0,2,2,2,3,1,1,1,3,1,1.3361051015210295,1,0,0,1,1,39178,2,1,1,3272
545,2,2,19,1731785,1,1,0,2,3,2,2,1,0,4,1,0.5464533890776448,0,2,0,0,1,10609,0,2,2,4620
546,1,2,34,3521289,2,1,2,3,2,1,1,1,0,0,0,1.3262136844841113,0,0,0,0,0,9226,0,1,0,5303
547,1,0,23,1275932,0,2,3,1,3,3,0,1,1,1,0,0.7963775476039074,0,2,1,0,0,45610,2,1,1,4497
548,1,0,25,3097580,1,2,1,2,2,3,2,1,0,0,0,1.9209291809968783,1,0,1,1,1,47319,1,1,0,5182
549,1,1,47,3027356,1,0,1,1,0,0,1,1,0,3,0,1.6615733705525055,0,0,1,2,1,46493,1,1,2,3272
550,0,0,40,3609190,0,0,1,2,1,1,1,0,1,2,0,1.6814686805925243,1,2,1,0,0,24156,0,1,2,3957
551,0,2,19,3845019,0,1,2,1,0,2,1,1,1,3,1,2.2518377356274035,0,2,0,0,0,25693,0,1,0,6171
552,1,2,37,1296971,0,2,2,0,1,1,0,0,1,4,0,1.452624008299992,1,1,1,1,1,20590,0,1,2,6951
553,0,2,38,2099400,0,1,2,3,0,2,2,0,1,3,1,1.6737533653544567,0,0,1,1,0,40040,0,1,1,3511
554,2,0,43,3410347,2,1,3,3,3,3,1,1,1,4,0,1.5203053372430948,0,2,0,1,1,29228,1,1,2,7270
555,2,0,32,1233817,1,1,1,1,0,0,0,0,0,3,1,1.5177881085914624,1,0,0,1,1,16044,2,3,2,7280
556,0,0,36,1799043,0,1,3,0,0,2,2,1,0,1,0,0.6130566242799331,0,1,1,0,0,23348,0,2,1,7098
557,2,0,40,3890761,2,2,2,0,1,0,2,0,0,3,0,1.0873708672607902,1,0,0,2,1,46098,2,1,2,7429
558,1,2,34,2696956,1,2,1,0,3,1,2,1,1,3,1,2.0933606474652517,0,2,0,0,1,49211,0,1,0,4021
559,0,0,44,2481155,1,0,0,1,1,3,1,1,0,2,2,0.6322519098653985,0,1,0,0,1,10545,2,2,1,6614
560,1,0,22,1559605,2,0,2,1,2,1,1,1,1,4,2,2.4325225025162744,0,2,0,1,0,27327,1,1,0,7585
561,2,1,25,1954502,1,2,0,0,2,3,0,1,0,4,2,1.3623726918755175,0,2,0,0,1,21876,2,3,1,3734
562,0,1,30,1982361,2,1,2,0,3,2,1,1,0,4,1,2.4448181672529445,1,1,0,1,1,38657,1,1,1,3097
563,1,2,33,2571937,1,2,3,0,0,3,1,0,0,0,0,1.3870126641234588,0,0,1,2,1,20221,1,1,0,6798
564,1,0,24,3504989,1,2,3,3,3,3,1,0,0,1,0,1.0549536725731157,1,1,1,0,0,39235,1,1,2,4360
565,2,0,28,1231447,0,0,2,0,2,1,1,1,1,2,2,1.4416901630319001,0,1,0,0,0,38744,2,1,1,7721
566,0,2,26,2575136,2,0,3,0,0,2,3,1,1,0,2,1.7022826348388582,0,0,0,2,1,29143,0,1,1,6067
567,2,2,35,3897901,2,2,0,2,1,3,1,1,1,1,2,0.7164673604647251,1,2,1,0,0,34346,2,1,1,5059
568,0,2,41,2247801,2,0,1,0,1,1,0,1,0,2,1,1.6197967258413202,1,0,1,2,0,31969,0,1,2,6785
569,0,2,25,1809217,0,2,0,3,2,2,0,1,0,0,1,0.5041375900651102,0,0,0,1,1,29840,1,2,1,7375
570,0,2,40,2195838,1,1,1,1,0,3,0,1,1,3,0,1.0455350852385854,1,1,1,0,1,1199,0,2,2,5332
571,1,2,47,2319299,0,0,1,1,3,0,1,0,1,2,0,1.7783744264139958,1,2,0,0,1,8893,0,1,2,6072
572,1,2,24,1465279,1,0,2,1,3,0,0,0,1,3,0,2.1707640924497884,1,1,1,0,1,48696,1,1,1,4462
573,1,1,29,2716226,2,2,3,3,2,0,2,1,1,3,0,1.7686422536838224,0,2,0,1,0,38469,0,1,1,4495
574,1,2,24,2307684,0,0,0,2,1,3,2,1,0,3,0,1.2661619598310954,1,2,1,2,1,30683,0,1,2,5172
575,1,1,21,2826868,0,2,0,0,3,0,0,1,1,0,1,1.8868125157016553,1,0,0,0,1,11261,1,1,1,4757
576,1,1,44,1357983,2,0,0,1,3,2,0,1,1,0,2,2.4730434715019656,0,1,1,1,0,23231,1,1,0,6461
577,2,0,24,2632804,1,1,2,3,0,3,1,0,1,3,1,2.428519934275786,0,2,1,2,1,15899,2,1,0,5372
578,2,1,25,1057870,0,2,2,2,2,3,0,1,0,4,2,1.2727741759424949,0,0,0,2,0,45251,1,1,2,6754
579,2,0,45,1950352,0,0,2,2,3,0,0,0,0,2,2,1.5754413889265626,1,1,0,1,0,18038,2,2,0,5776
580,2,2,20,2862291,1,1,2,0,2,2,0,1,0,0,1,2.351082000882321,1,0,1,2,1,44346,0,1,2,3426
581,2,2,24,3010796,2,2,3,1,1,0,0,0,0,0,0,2.253229781262558,1,0,0,2,1,48406,1,1,1,6332
582,0,1,43,1126306,2,0,0,2,2,3,1,1,0,1,1,1.9395152025971116,0,2,0,1,0,26479,2,1,2,4402
583,1,0,27,2629765,1,0,1,0,3,2,2,1,0,1,0,2.4049727562586143,0,2,1,2,0,25441,2,1,1,5838
584,2,0,18,1314804,1,0,0,0,2,1,2,0,1,1,0,0.6744980444923196,1,0,0,1,1,3554,2,2,0,3388
585,1,0,39,2748584,2,1,2,1,1,3,1,1,0,4,0,0.761578199826904,0,1,1,1,0,2907,2,1,2,4289
586,0,2,45,3009358,1,1,3,1,3,3,2,1,1,0,1,1.2716957147140344,0,0,0,0,0,37839,2,2,1,5612
587,2,2,33,3029454,0,2,2,0,2,3,2,1,1,1,1,1.8035719980743194,0,1,0,2,1,11753,1,1,2,5160
588,0,0,44,1689219,1,1,2,2,0,1,0,0,0,0,1,1.459349682888301,1,1,0,1,1,4824,2,2,1,3648
589,1,0,34,3055135,0,2,0,0,1,2,2,0,0,3,2,1.112078309935265,0,1,1,0,1,31029,1,1,2,7521
590,2,0,18,1642917,2,1,2,3,3,3,0,0,1,3,1,1.7878404870572007,1,2,1,2,0,18127,1,1,1,7666
591,0,2,48,3446242,1,0,3,1,0,3,1,1,1,0,1,0.8048275210121218,1,1,0,2,1,37864,0,1,1,5874
592,2,1,38,3819650,1,1,2,3,0,0,1,1,0,0,1,2.081036988733234,0,1,1,0,0,6434,1,1,1,6202
593,0,1,44,2207882,2,1,1,1,2,1,1,0,0,4,0,0.5642783187169986,1,1,1,0,1,39101,1,1,1,6229
594,0,0,25,2884437,2,0,2,0,2,1,0,0,1,4,0,0.7874448867482564,1,2,0,2,0,19819,1,1,2,6646
595,2,1,32,3838218,0,0,1,1,0,1,1,1,1,2,0,0.6807765085459894,0,1,1,2,0,39119,1,1,0,6727
596,0,1,33,2241983,0,2,3,1,1,0,2,0,0,2,1,1.376760538715806,1,2,0,2,0,42403,2,2,1,5182
597,1,1,33,2592055,2,0,0,1,1,1,3,1,0,1,0,0.6322720627967224,0,1,0,1,1,16748,0,1,2,3967
598,1,2,46,3390891,2,2,3,1,2,0,3,0,1,4,2,2.316240570292106,0,1,1,0,0,45326,2,1,2,3762
599,1,2,30,1054919,2,1,2,2,3,1,1,1,1,3,1,2.293517785377163,0,2,1,0,0,5230,0,1,2,4450
600,0,1,38,1231701,1,0,3,2,1,0,0,1,0,3,2,1.65396152015568,1,1,0,0,0,16587,0,2,2,7506
601,2,2,20,3056021,0,0,1,0,0,1,2,1,1,2,0,1.4834548046283305,1,0,0,1,0,16991,1,1,0,5940
602,2,2,27,2706995,1,1,2,1,0,2,1,0,1,1,0,1.6014829335219896,0,0,0,2,0,11955,0,1,0,7306
603,1,1,21,2574760,0,1,3,3,3,1,0,1,0,2,0,0.6595863438920422,1,2,1,1,1,584,0,1,2,3247
604,2,1,28,2734831,0,0,2,2,2,2,0,1,0,4,1,1.925123612114849,1,1,0,0,0,33770,0,1,1,3028
605,1,0,18,1282478,1,2,0,0,3,1,3,1,1,3,1,1.505533728468828,0,2,1,0,0,19942,1,1,2,7144
606,0,0,37,1448763,0,1,0,3,0,3,0,1,0,1,1,1.0193413643777676,0,0,1,1,1,17059,0,1,1,6762
607,1,0,31,3003899,0,2,2,3,0,3,0,0,1,2,2,1.687907464944499,1,0,0,2,0,48199,0,1,0,7827
608,1,2,35,3609655,2,0,0,1,0,2,1,0,0,0,2,0.8432547745462946,0,2,0,0,1,31489,2,1,1,6752
609,2,0,22,2735484,2,2,3,1,3,3,2,0,1,2,0,1.3159402902090385,1,2,0,2,1,47953,0,1,2,3494
610,0,1,32,2131094,0,0,0,0,3,2,3,1,1,4,0,1.567568786613332,1,1,0,1,0,19588,1,1,2,6912
611,0,1,40,3574573,1,1,0,2,1,0,2,0,0,1,1,0.8804257668262427,0,0,1,0,1,664,1,1,0,6294
612,2,1,32,2542012,2,0,2,1,2,1,3,0,1,4,0,1.4539637007132036,1,1,0,0,0,35540,2,1,2,4186
613,1,0,20,2465108,1,1,2,3,2,2,3,0,1,4,1,0.9115537969577017,1,0,1,1,0,11208,0,1,0,6980
614,2,2,21,3948023,2,1,1,1,3,0,2,0,1,1,1,1.3467709570405328,1,0,1,2,0,5032,1,1,0,7196
615,0,2,38,3616307,2,0,3,1,1,1,1,1,0,2,0,1.697801844218561,0,1,1,2,1,1190,1,1,0,5124
616,1,0,21,3993464,0,0,2,1,1,2,2,0,0,2,2,2.4785570765101568,1,0,1,0,0,18772,2,1,2,5397
617,2,1,45,3252419,1,2,2,1,1,3,3,1,0,2,0,1.9776390241933606,1,1,0,1,0,13308,0,1,0,5937
618,0,2,21,1246142,2,0,1,2,3,0,1,1,1,4,0,2.480963738945773,1,1,0,2,1,25723,2,1,2,4997
619,2,2,49,2597845,2,0,1,0,2,1,0,0,0,4,0,1.2171414478522795,0,2,0,0,0,11258,0,2,1,7743
620,1,2,45,3601945,0,1,0,1,1,3,1,1,0,4,2,0.987431137742337,1,0,0,0,1,15458,1,1,2,6056
621,0,1,23,2561043,2,1,2,3,0,2,3,0,1,0,0,0.8206363423921696,1,1,0,1,1,27160,2,1,0,5133
622,1,2,34,2018697,2,2,3,2,0,0,3,1,0,3,2,1.6652682171058129,0,2,1,0,1,21453,2,2,0,6688
623,1,1,18,3229161,1,0,1,1,2,3,1,0,1,1,2,0.8509137872635968,0,2,0,2,0,27237,2,1,2,3052
624,1,2,47,3001236,0,2,1,0,3,3,0,1,1,0,2,2.0999448897400645,1,0,1,2,0,25939,1,1,0,6661
625,0,1,42,3738283,2,1,3,0,3,0,0,1,0,4,2,1.9595034929828365,0,2,1,1,0,22852,2,2,0,7413
626,0,0,49,2800777,1,2,1,3,2,1,0,0,1,0,2,1.0003373498882628,0,1,1,2,0,11791,0,1,2,5900
627,1,0,20,2796803,0,1,3,2,1,0,3,1,1,3,2,2.4889524773320275,1,1,1,2,1,8345,2,1,2,3459
628,0,1,48,1775479,0,2,2,1,2,1,3,1,1,3,0,0.5900923237184859,1,2,0,0,1,2774,2,1,0,5907
629,2,0,24,1921481,1,0,3,0,3,1,0,1,0,0,1,1.8753930977896665,1,1,1,1,0,36002,0,2,0,6955
630,2,1,22,2326985,0,0,3,2,3,1,1,0,0,0,2,1.5507424794187952,1,1,1,1,1,33435,0,1,1,6949
631,0,1,28,2560910,2,2,3,3,2,1,3,0,0,2,1,0.9653089435485376,1,0,0,1,0,9661,1,1,1,5704
632,2,0,41,1397808,0,1,2,3,1,2,1,1,1,4,0,1.521521210265121,0,1,1,1,1,30040,1,1,0,6440
633,0,1,34,2542501,1,2,1,0,0,3,2,0,1,3,1,2.054402649156197,0,0,0,0,1,12673,0,1,1,6075
634,1,0,18,2566808,1,2,2,2,3,0,2,0,0,0,1,1.4476587947615487,1,0,0,0,0,34652,2,1,1,4094
635,1,0,26,1022612,1,1,0,1,1,1,2,1,1,3,1,0.6575703164892679,0,2,0,1,1,42966,1,1,2,6158
636,2,2,36,2242205,1,0,2,3,0,2,0,1,0,1,2,0.701590464417924,1,0,0,1,1,23972,0,1,2,3372
637,2,0,49,2462327,2,2,0,2,0,3,1,0,0,4,1,1.071493448866714,0,1,1,0,0,6602,0,2,0,7482
638,1,2,29,3924522,2,0,2,1,2,1,1,1,1,0,1,0.8566386494439397,1,2,0,2,1,27584,2,1,1,4318
639,2,0,28,3191782,0,1,0,3,1,0,3,1,1,0,1,1.1361912381661585,1,2,0,1,1,26112,0,1,0,6678
640,2,1,42,1772721,1,0,3,1,3,3,2,0,1,0,2,2.442434612606841,1,0,1,0,0,38821,1,1,1,3396
641,0,1,42,2227330,0,0,0,2,0,2,1,1,0,3,2,1.0036958981021753,0,0,0,0,0,41108,1,1,1,6803
642,1,0,25,1154994,2,1,0,2,0,1,3,1,0,2,1,0.6509228907021454,1,0,1,1,0,834,0,2,0,7745
643,1,2,39,2798767,0,1,3,1,3,3,3,0,0,2,0,2.0351763121890034,0,2,0,2,1,48016,2,1,2,4786
644,1,0,48,3825153,2,2,0,0,2,1,2,0,1,0,1,1.0960103505209249,1,2,1,1,0,2346,2,1,1,6147
645,2,1,28,3317734,2,0,1,2,3,3,2,1,0,1,2,1.0187321615004201,0,0,0,2,0,23534,2,1,2,4673
646,2,1,22,1809798,1,2,3,3,2,2,3,1,1,3,0,1.7317485177252763,1,1,0,2,1,17550,2,1,1,5069
647,0,1,41,2881214,2,1,3,1,2,2,2,1,0,1,0,2.4572345735197523,1,1,0,2,0,32947,2,1,1,3265
648,1,2,41,3922979,1,2,0,0,1,0,3,0,1,0,1,1.021110202971617,1,0,0,1,0,10420,0,1,0,3456
649,1,0,23,3962604,2,2,3,3,3,3,1,1,0,0,2,1.2256254699901297,1,2,1,2,0,3253,1,1,0,4836
650,2,2,29,2088051,0,1,0,3,3,1,2,1,1,2,2,1.8434671661440243,0,1,0,2,1,30989,2,1,1,4196
651,0,2,42,3779137,0,2,1,1,1,0,1,1,0,3,1,1.961715438209598,1,2,1,2,0,12637,2,1,2,5159
652,0,1,41,2180210,0,1,2,1,1,1,0,1,1,1,2,2.1416061603614063,0,0,1,2,0,21140,2,1,1,5426
653,2,1,27,2695374,2,2,1,1,3,2,1,0,1,1,2,0.6588600978645622,1,0,0,0,1,24258,1,1,2,4084
654,1,2,43,2561264,0,1,1,2,2,1,2,1,1,2,2,0.5394760003124381,0,1,0,1,1,377,0,1,1,7788
655,0,2,41,3909265,0,2,3,2,3,1,3,1,1,0,0,1.6788015501624294,1,0,1,2,0,5661,1,1,2,5773
656,0,0,37,2311835,0,2,2,2,1,1,2,0,1,2,1,2.222763004325658,0,0,1,0,1,13427,0,1,0,6829
657,1,2,48,1038340,1,2,3,0,3,2,0,1,0,1,2,0.8615043402150546,1,0,0,1,1,16101,1,2,1,5066
658,0,0,40,2837092,1,2,1,0,0,2,1,0,0,1,2,1.3784167194955188,1,1,1,1,0,1954,1,2,0,4499
659,2,2,39,2720831,1,0,3,1,0,2,1,1,1,0,2,1.8322457097129348,0,0,1,0,0,43668,0,1,2,7022
660,2,2,44,2122691,0,2,3,2,0,1,3,1,1,0,0,1.6171241935531637,0,1,0,0,1,30915,2,2,1,3660
661,1,1,31,1140319,0,0,2,2,1,3,3,0,1,1,0,1.5848230918102073,1,2,0,1,0,3036,2,1,2,3709
662,2,1,47,2810701,1,0,1,3,1,3,3,1,0,3,0,1.3908957724125086,0,2,0,0,1,41640,0,1,2,3563
663,1,0,23,1352016,1,2,0,3,3,0,2,1,1,3,1,1.0858242795174664,0,0,0,2,1,28434,0,2,1,4021
664,1,2,48,1019696,0,0,3,0,3,1,0,0,1,3,0,2.171685899871357,0,0,0,0,1,34605,0,2,0,4483
665,0,2,27,2238162,0,1,1,0,3,3,1,0,0,3,0,2.3854046233269997,0,0,1,2,1,35810,0,1,1,4094
666,1,1,29,2251416,2,2,3,2,1,0,0,1,1,0,0,1.3985428909578643,0,1,0,0,0,3677,0,2,1,6634
667,2,0,31,2942239,0,0,3,1,0,2,3,0,0,1,1,1.1885740466164005,0,1,1,0,1,25393,2,1,0,7938
668,1,1,38,3244628,1,1,3,3,0,3,1,1,1,3,2,1.7953348532032543,1,0,1,2,0,47415,2,1,2,4331
669,0,0,22,1868889,1,0,2,3,3,2,0,0,0,3,2,2.0379708413754067,1,2,0,0,0,29142,2,2,0,4726
670,1,1,25,1591781,2,1,2,0,0,2,1,0,1,1,2,1.6786682082287367,0,0,1,2,0,23086,1,1,2,5953
671,2,1,26,2968717,0,1,2,2,3,0,2,1,1,3,1,1.3395947937223533,0,2,0,2,1,16187,0,1,1,3401
672,0,1,33,3812697,0,1,1,0,1,0,3,1,1,1,1,2.068240390238987,0,0,0,1,0,17721,1,1,2,6634
673,1,0,24,1584394,1,0,2,0,1,3,3,0,0,2,0,0.5052094805340606,1,1,0,1,0,4816,1,1,2,7174
674,0,1,25,1589516,2,1,2,3,0,1,1,0,0,2,1,1.436940951025083,0,2,1,1,0,32771,1,1,1,3789
675,2,1,48,2385662,2,2,0,0,0,0,1,0,1,3,1,2.2091952651266555,0,1,0,2,1,6770,0,2,0,3398
676,2,1,26,3184483,0,2,1,3,3,3,1,1,0,0,1,0.8578219046311106,0,0,0,1,1,48419,0,1,2,7438
677,1,1,49,2401861,0,0,2,2,0,2,3,0,0,1,1,1.4419647685806336,0,1,0,2,0,44709,0,1,1,7034
678,0,1,43,1919360,0,0,1,3,3,0,0,1,0,4,0,1.222399925693694,1,2,0,1,0,21151,2,2,1,6526
679,0,2,21,2310826,1,1,3,2,2,3,3,1,0,1,1,1.6237122749802568,0,2,1,2,1,19266,0,1,1,7552
680,0,1,36,2900328,2,0,3,3,3,3,2,1,1,0,0,0.6623323889272237,1,1,1,2,1,23281,0,1,2,6004
681,2,1,40,2231519,0,2,2,1,0,2,1,1,0,4,0,0.7308528227388189,0,2,0,0,0,47362,2,1,2,5428
682,0,2,22,3711252,1,0,3,0,0,3,3,1,1,3,0,1.2069814208578142,0,0,0,0,0,13488,0,2,2,5758
683,2,1,24,3078300,1,1,2,2,1,1,1,1,1,3,1,2.2089446449819143,1,1,1,0,1,16644,2,1,2,7031
684,2,1,40,2264160,1,0,2,1,1,0,1,0,1,0,2,1.6648133497312372,1,2,1,2,0,37021,1,1,1,7306
685,0,0,23,2823747,0,2,1,1,0,0,3,0,0,4,2,2.346157897122997,1,0,0,0,0,46494,1,2,2,3663
686,2,1,20,1372637,1,0,2,1,1,0,0,0,1,3,0,1.1292550589786166,1,2,1,0,1,22676,0,1,2,3609
687,2,0,22,1753447,0,2,1,0,1,2,1,1,1,4,0,2.094445197885089,1,2,1,0,0,30611,2,2,1,7411
688,0,0,40,2565141,2,1,1,2,0,3,2,1,0,4,0,1.8050492380449108,0,0,0,2,1,32819,2,2,1,5624
689,0,1,44,2696043,2,2,3,1,1,2,3,0,0,4,2,2.3478367960730466,1,2,1,0,0,2507,2,1,2,5760
690,1,1,20,1327394,1,0,1,3,2,0,2,1,0,3,1,2.391401163121757,1,1,0,0,1,31395,0,1,1,5408
691,0,2,23,2025175,1,2,0,0,0,2,1,1,1,1,1,0.7698605312312661,1,0,1,2,0,39683,1,1,0,5582
692,2,0,28,1602473,1,2,2,2,1,1,0,0,0,4,1,0.6894135722674264,0,2,0,0,0,13256,0,2,0,7479
693,2,1,30,3708243,2,1,1,1,0,0,1,0,1,3,0,1.2915630113408183,1,1,1,1,1,28339,2,1,2,7506
694,2,1,18,3920905,1,0,0,1,2,2,2,0,0,4,1,2.448972386744836,1,0,1,1,1,48192,2,1,2,5192
695,1,2,32,2262547,1,1,1,2,3,0,3,0,0,0,2,1.1979004935554463,1,0,1,1,0,19800,0,2,1,5651
696,1,1,22,3895699,2,0,2,0,0,1,3,0,0,1,1,1.877007478546302,0,0,1,2,1,32604,2,1,1,3917
697,1,2,44,3744333,0,2,2,0,1,2,1,1,0,4,0,0.8639069336160237,1,2,1,2,0,15906,2,1,1,6195
698,2,1,19,1482514,2,2,0,0,2,1,0,1,0,0,1,1.6832476354507702,0,2,1,2,1,5091,1,1,2,6552
699,0,2,27,3027007,2,2,2,0,2,1,1,0,0,0,0,2.2793850770292075,0,1,1,2,1,49349,2,1,2,6834
700,1,2,38,1594629,1,0,0,2,1,1,1,1,1,4,1,0.8122160907743055,1,0,1,0,0,43367,0,1,1,3546
701,0,0,48,2010579,1,1,0,3,2,2,0,1,0,1,1,1.1379913965515258,1,1,1,2,0,27848,1,1,1,4285
702,1,0,36,2653250,0,1,2,3,3,1,3,1,0,4,2,0.713911478536972,0,0,1,1,0,9789,0,1,0,7859
703,0,2,37,2655392,2,0,0,2,1,3,0,1,0,1,0,0.6540435977561929,1,2,0,0,0,22181,1,2,0,3237
704,0,0,49,2186880,2,1,0,0,1,2,1,1,0,3,2,0.9947057610041561,1,2,0,1,1,41649,1,2,0,6838
705,0,2,18,3551093,1,2,2,2,0,3,0,1,0,2,1,0.678992494316456,1,2,0,2,0,13835,0,1,1,6679
706,2,1,34,1159705,2,0,2,3,1,2,1,1,0,2,0,0.7636461776092363,0,1,0,2,1,5923,1,1,1,6086
707,1,2,36,1335807,0,1,2,1,3,3,2,1,1,3,1,0.5468121890841378,0,1,0,2,0,28446,0,1,0,5468
708,2,1,31,1091611,2,2,3,1,2,1,2,0,1,0,1,1.304011222857499,1,0,0,2,0,14814,2,1,1,7986
709,1,0,22,1765157,1,0,2,2,0,0,3,1,1,0,1,1.610999319153471,1,0,1,0,1,31004,1,1,1,7982
710,1,0,31,2366910,1,2,1,0,1,3,2,1,0,1,1,1.2497723861610202,1,2,0,0,0,32114,0,1,1,6950
711,2,1,25,1198836,1,1,0,0,0,1,3,0,1,2,1,0.8560047480274675,1,2,1,2,0,33928,1,2,0,6197
712,0,1,30,2817106,0,0,2,1,2,3,3,1,0,3,0,1.4002871361272335,0,1,1,2,1,30629,1,1,2,5265
713,2,2,39,1293104,1,2,1,2,0,1,1,1,1,4,1,1.4040404023899644,1,0,0,0,1,7508,1,1,2,7581
714,0,1,41,1172363,1,1,2,3,0,2,2,0,0,0,0,0.7763460139490559,1,1,1,2,0,49275,2,2,1,5144
715,0,0,37,3332728,0,1,0,2,0,0,1,1,1,3,1,0.5332337640707723,1,0,1,2,1,40223,2,1,2,6131
716,0,0,44,3357046,1,2,3,2,2,2,1,1,0,4,0,1.7463672773641423,1,1,1,1,0,15479,2,2,0,4212
717,0,0,34,2083538,0,0,1,3,0,2,0,1,0,4,2,0.5335310634098134,1,2,0,1,0,16674,1,2,2,7658
718,1,0,30,2476114,2,1,3,0,0,3,0,0,1,3,0,1.0365422809566471,1,0,1,0,0,49205,1,2,0,5755
719,0,0,18,3029258,0,2,0,3,1,2,3,1,1,2,0,1.8570244676520093,1,2,1,2,0,1333,2,1,0,7305
720,2,1,47,1176739,1,2,0,2,2,0,0,0,1,4,1,1.0018886852480682,0,2,0,2,0,37170,1,2,2,3023
721,0,2,26,2160788,2,0,2,3,0,0,3,0,0,3,2,2.4315554094266645,1,2,0,2,0,24324,1,1,2,3045
722,0,1,39,2609246,0,1,0,0,2,0,3,1,0,3,1,1.7981358190193173,1,2,0,2,0,45586,1,1,1,3712
723,2,0,35,2358104,1,2,0,3,3,1,1,1,0,3,0,1.6308902293197836,0,0,0,1,0,5794,1,2,0,4106
724,0,0,30,2783344,1,1,3,1,3,0,2,1,1,4,1,0.791857920532536,0,0,0,2,1,37689,0,1,0,5814
725,0,0,35,3528726,1,1,0,1,3,1,2,1,1,4,2,1.8809652262974879,0,0,1,2,1,40138,1,1,0,4045
726,0,2,40,1270424,0,0,2,3,2,1,1,1,0,1,2,0.7333779186272398,0,0,0,0,0,14195,0,1,0,6073
727,2,1,28,1754910,0,2,0,2,3,0,0,0,1,1,0,2.1377724006113943,0,1,1,2,1,5117,1,1,1,4751
728,0,1,18,1770516,0,2,3,3,3,0,0,1,0,2,1,1.5649221673124312,0,0,0,0,1,49535,0,2,0,5886
729,2,1,42,1003035,1,1,3,0,0,2,1,0,0,2,1,1.2831905798059795,1,2,1,1,1,28849,2,3,1,4045
730,1,2,48,1282158,1,2,1,3,3,1,1,1,1,0,1,2.108183358066542,1,2,0,1,1,8405,1,1,1,7517
731,1,0,32,3503604,1,2,2,3,3,0,1,1,1,4,2,2.035796504289921,0,2,0,0,0,26214,1,1,2,3479
732,2,2,25,3648679,2,2,2,2,3,0,1,0,0,1,1,2.241095597787867,1,1,1,0,1,1299,2,1,0,5538
733,1,2,41,3951207,1,2,3,2,1,3,0,1,1,1,1,2.228130642328388,1,0,0,1,0,30171,0,1,2,3857
734,1,0,45,3154646,0,2,1,1,2,3,3,1,1,1,2,2.480158641860048,1,2,1,1,0,4890,0,1,2,3480
735,1,1,48,2955080,0,1,0,1,1,1,3,1,0,4,1,1.0876110030522823,0,2,1,2,1,39608,0,1,1,4786
736,2,0,44,1725540,2,2,0,1,0,1,0,0,0,2,0,1.4240668261177993,1,0,1,0,0,19092,0,3,1,3976
737,2,2,30,2884754,1,0,1,0,1,3,2,0,1,1,2,2.020323216761711,0,0,0,2,0,47546,2,1,2,7114
738,1,0,37,1913603,0,2,2,3,3,0,2,1,0,3,1,1.1475897909573447,1,0,0,0,0,6721,0,1,1,4318
739,0,2,49,1582834,0,2,2,2,3,1,2,0,1,1,0,1.9983060167874132,0,2,0,1,1,43818,1,1,2,5427
740,0,1,26,1753366,2,0,1,0,3,1,0,1,1,0,1,1.87871273058218,1,2,0,0,1,47999,0,1,2,5109
741,0,1,24,1693126,1,2,3,1,0,3,3,0,0,4,0,0.8972617836879127,0,2,0,2,1,42700,2,2,1,7986
742,2,0,41,1325456,0,2,2,3,3,1,0,1,1,3,0,1.0253114440676938,1,2,1,2,0,31079,1,1,0,7888
743,0,2,23,1461829,0,2,2,3,0,1,0,1,1,0,2,1.236043137521223,1,1,1,0,1,40645,2,1,2,7552
744,1,2,46,3987073,0,1,3,0,1,2,3,0,0,1,2,1.7905237456364278,0,2,0,1,0,35886,1,1,2,7471
745,1,0,24,2108352,1,0,0,1,2,1,1,1,1,0,0,0.5903325555188466,1,1,1,0,0,20306,1,1,2,5022
746,0,1,31,1135736,0,2,0,3,2,2,2,1,1,2,0,0.5632393316186013,0,2,0,1,0,49836,1,1,2,7389
747,0,1,35,2337154,0,2,3,1,2,1,1,1,1,3,2,0.7317363247309541,1,1,1,0,0,36187,0,1,1,6577
748,1,0,21,3542715,2,1,3,1,2,2,1,0,1,0,1,0.6149023635030586,1,2,0,1,0,6143,0,1,2,3709
749,1,1,31,3478528,1,2,2,2,1,3,3,0,1,2,1,1.7138426431047897,0,0,1,2,0,23900,1,1,2,7819
750,1,2,44,3099471,0,0,1,1,3,2,1,0,0,4,1,1.7643904559878687,1,2,0,1,1,48493,0,1,2,4617
751,2,0,47,2519001,1,0,0,3,0,2,1,0,1,0,2,1.1851956378594457,1,2,1,1,0,35376,2,2,2,3272
752,2,2,31,2830803,0,1,0,3,0,2,3,0,0,0,1,1.8799363157311755,1,2,1,1,0,24027,1,1,0,3479
753,1,1,21,1377715,1,2,1,2,1,0,1,0,0,0,2,1.6604377449019418,0,2,0,2,1,28979,0,1,2,5016
754,2,1,33,3492070,1,0,2,3,0,3,0,1,0,4,1,1.2722892338882432,0,2,0,1,1,29297,2,1,2,4133
755,2,0,34,1432763,0,2,1,3,3,1,2,1,1,4,0,0.7396865361503913,0,0,0,2,0,21613,1,2,0,5184
756,1,1,38,3840037,1,2,0,1,1,3,3,1,1,0,0,1.4147992449673674,0,2,1,0,1,3404,0,1,1,5335
757,0,2,46,3088150,0,1,3,0,2,2,1,1,0,0,2,2.190957938748307,0,2,0,2,0,4832,2,2,1,4876
758,2,1,35,2012902,2,0,1,0,0,2,2,1,1,4,1,1.4740566482598116,1,2,1,0,1,28354,0,1,2,4948
759,0,1,40,3057091,2,1,2,1,0,0,1,1,1,4,2,0.6863443086567917,1,1,1,2,0,13560,0,1,0,7668
760,2,1,45,1491163,2,2,3,0,0,0,3,1,0,0,2,1.1312616669880349,0,1,0,0,1,20418,2,3,0,3565
761,1,0,28,1172864,1,0,3,1,3,2,0,0,1,3,1,0.6223546326860638,1,1,1,1,1,2150,0,1,2,6362
762,0,0,39,3736350,0,0,2,3,1,0,2,0,0,2,2,2.2696247821824516,1,0,0,2,0,40655,0,1,2,7098
763,1,1,21,2706039,1,2,2,0,3,3,2,0,1,3,0,1.9470435811248956,0,0,1,0,0,8612,2,1,2,4479
764,2,2,31,3134285,1,2,3,2,1,3,0,0,1,2,2,1.6773686872386901,1,0,1,1,0,12735,0,1,2,4281
765,1,2,22,1891453,0,1,2,3,3,2,1,0,0,2,0,1.0022389008685195,0,1,0,2,1,22147,1,1,0,6957
766,2,2,22,2700226,1,0,1,3,2,3,3,0,0,3,2,1.0048352917415222,1,0,1,2,1,17584,0,1,2,3593
767,2,0,49,3762839,2,0,1,2,3,0,2,0,0,1,1,1.3421485161984772,1,0,0,2,1,42828,2,1,1,6497
768,1,1,43,1685621,1,0,0,1,0,0,1,0,1,0,2,1.5925620801412752,0,2,1,2,1,47679,1,1,1,5667
769,2,2,27,1229773,1,1,2,1,0,2,1,0,1,3,1,1.3532806559943196,0,2,1,2,1,20047,1,1,2,3016
770,0,2,39,1797510,1,0,2,1,2,0,3,0,0,2,0,0.7472838001234883,0,1,0,2,1,38304,0,2,0,5569
771,1,1,28,3685085,0,2,3,0,0,1,1,0,1,1,2,1.4147803774151992,1,0,1,0,0,7159,2,1,1,4717
772,0,1,48,1520927,2,0,0,0,2,3,1,0,1,0,0,1.0550733291275483,0,2,0,2,1,27219,1,2,1,3073
773,1,0,47,2496755,2,1,3,1,1,1,1,1,0,3,0,2.4536281597669074,1,1,1,1,1,1287,1,1,1,3638
774,2,0,23,3669255,0,2,3,3,2,0,2,0,0,3,2,2.4255625598830175,0,1,0,1,1,39675,2,1,2,4547
775,2,1,42,1844435,0,2,2,2,3,2,0,1,1,1,1,2.3721577822984914,1,2,0,0,0,14741,2,1,0,3884
776,0,1,38,2758165,1,2,1,2,2,1,0,0,0,1,1,2.105583614820259,1,0,1,0,0,46743,2,1,0,4543
777,2,0,47,3157148,0,0,1,2,2,2,3,1,0,1,1,2.0012120645464275,0,0,1,0,1,8870,1,1,1,4243
778,2,0,24,2979407,2,2,0,0,3,0,3,1,1,4,0,2.1049765634518725,0,1,0,0,1,32554,0,2,1,6361
779,1,0,41,2135415,0,0,3,1,0,1,1,0,1,2,0,2.0455075810662793,1,2,0,2,0,45692,1,1,1,7503
780,1,2,31,2898804,2,0,1,0,0,2,0,1,0,2,0,0.5506089814384534,0,0,0,0,0,38304,1,2,0,6184
781,2,0,35,2447955,2,2,0,0,1,2,2,0,1,4,0,2.471916551715357,0,2,0,1,1,40442,0,2,0,4319
782,1,0,29,2108816,0,0,2,1,0,0,1,0,0,0,1,1.189735432882394,1,1,1,0,1,32717,1,1,2,3188
783,1,1,30,2225917,2,2,2,0,2,2,1,1,0,3,2,1.547541567129373,1,1,0,2,0,4845,0,1,2,5087
784,0,2,30,1406016,1,0,0,0,3,3,1,1,0,3,2,0.5131805103307754,0,0,1,1,1,27142,0,2,2,6959
785,0,2,35,2901636,0,0,3,1,2,0,3,0,1,1,1,0.8591430982365118,0,2,1,0,1,23940,2,1,0,4724
786,0,2,26,1175598,2,0,2,2,0,3,1,0,0,0,1,1.3541981652644508,1,0,0,2,1,45364,0,1,0,6878
787,1,2,48,3954064,1,2,1,0,1,0,0,1,0,1,0,1.459664587431992,1,2,1,1,1,5194,2,1,1,5777
788,1,2,22,2842272,0,1,2,3,0,1,1,0,0,3,1,2.068430709125866,1,2,1,2,0,21519,0,1,2,4763
789,2,1,46,2362379,2,2,0,3,0,1,1,1,0,0,1,1.3498350240310946,0,1,0,1,0,162,2,2,1,6978
790,0,0,43,3405127,1,1,0,2,3,1,3,1,1,1,1,1.526113444342975,0,1,0,2,1,12424,1,1,2,5685
791,0,0,49,2202786,2,1,3,1,0,1,1,0,0,3,1,1.7244613600025682,0,0,1,1,0,22861,2,2,0,7822
792,2,2,20,3342221,2,1,3,0,0,3,0,1,0,3,0,1.1583472250690303,0,2,1,1,0,4796,0,2,2,7340
793,1,0,26,1899604,2,0,2,3,3,3,3,1,0,4,0,1.9592429988117046,1,1,0,0,1,33237,0,1,1,3094
794,2,0,26,1635888,2,1,0,3,0,3,1,0,0,3,2,0.9725849681580059,0,0,1,0,1,10346,0,2,1,7725
795,0,1,48,1080953,1,1,2,2,1,0,3,1,0,4,1,1.5400415291041447,1,2,0,1,1,20014,0,1,2,6772
796,1,0,46,1711686,1,2,0,1,0,1,1,0,0,2,2,1.733237616065647,1,0,0,1,1,27449,2,2,2,4276
797,1,1,26,1983084,1,0,0,3,1,1,0,0,0,0,2,2.1927110262978475,1,2,1,2,1,17495,1,1,1,6083
798,2,0,19,3180670,1,0,0,0,3,2,2,0,1,0,2,2.1490715731129035,0,0,1,0,1,34134,2,1,2,4053
799,1,1,45,1558836,0,2,1,3,1,1,3,0,1,2,0,1.2350215529462554,0,0,0,1,0,39801,2,1,1,7429
800,0,2,35,2368280,1,1,1,3,3,2,2,1,0,2,1,1.655368878947365,0,1,1,2,1,34672,1,1,1,7249
801,1,0,19,1450062,2,2,1,3,1,1,3,1,1,4,0,2.0863804203001504,0,1,1,2,0,437,2,1,1,6713
802,1,2,47,3087374,2,0,3,1,1,1,3,1,0,1,2,1.739589233798804,0,1,0,0,0,40900,1,1,0,5509
803,1,1,25,3428360,1,2,0,0,1,1,2,1,0,2,0,2.2359630635527887,1,1,0,2,1,4228,2,1,2,6833
804,1,2,43,3372038,2,0,1,1,3,1,2,1,0,1,2,2.1008249550724445,1,2,0,1,1,31481,0,1,0,5698
805,1,0,34,2820478,2,2,1,1,2,3,0,0,0,4,1,1.3962462295069806,0,1,0,0,1,19346,2,1,1,5566
806,0,0,49,2620474,1,1,1,3,2,1,2,0,1,2,1,0.6794371790609168,1,0,0,0,0,43750,1,1,1,6537
807,2,0,26,3744321,1,1,2,3,1,1,2,0,0,1,2,1.734951037025376,0,1,1,0,1,33423,0,1,1,6647
808,0,2,35,2836743,2,0,2,0,2,3,1,1,1,3,0,1.4858674742114006,0,2,1,1,1,26276,2,1,2,3410
809,1,2,34,1506917,1,0,3,0,3,3,2,0,1,3,0,1.6494814058680076,0,0,1,1,0,40265,1,1,1,3824
810,0,1,25,1424279,0,1,2,1,2,2,3,0,1,2,1,0.8570611143199962,0,0,1,2,0,8634,2,1,0,6740
811,0,2,18,2542406,0,2,1,3,3,1,2,0,0,4,2,1.514931440801118,1,1,0,1,0,13666,2,2,2,3053
812,1,2,31,1214417,2,1,2,0,3,3,0,1,0,3,1,1.677104878079446,1,1,1,1,1,4095,1,1,2,4233
813,2,0,36,1197141,2,2,1,3,1,3,0,0,0,3,1,1.2071697422379895,0,2,0,0,0,26647,2,3,2,5290
814,0,1,35,2869954,0,1,1,0,3,1,0,1,0,4,0,0.8872056790986382,1,1,1,2,0,29405,2,2,2,3938
815,1,0,33,2424773,2,1,1,2,3,1,1,1,1,3,2,1.4878994599455848,0,2,0,2,1,33260,2,1,1,5710
816,2,1,41,3864617,2,2,2,3,1,2,2,1,1,1,0,1.462757049023847,1,2,1,0,0,10597,0,1,0,6493
817,1,1,20,1245323,1,0,2,2,0,0,1,0,0,3,0,1.1408269388141568,1,0,0,2,1,4142,0,1,1,6605
818,1,0,44,3822340,0,0,3,0,2,1,2,1,0,1,2,1.5368824067766353,0,0,1,0,1,9931,2,1,1,6650
819,2,0,20,2898864,1,2,3,2,1,0,3,0,0,0,1,1.9358694838076058,0,1,1,0,0,20174,0,2,0,5955
820,1,2,49,3527588,2,2,3,1,3,1,3,1,1,2,1,1.9632040943275402,0,0,1,2,0,32131,2,1,2,4307
821,2,1,40,3852090,0,1,0,0,0,0,2,1,1,4,0,0.9019416396876059,0,0,1,0,1,9977,1,1,0,5580
822,1,0,19,3956544,2,1,0,3,1,2,2,1,1,3,0,0.5365629126855482,1,0,1,2,0,29755,1,1,1,6356
823,2,1,18,1435232,2,1,3,0,2,3,2,0,1,2,0,0.7344733640433603,1,0,0,0,1,28706,0,3,1,4418
824,1,1,39,2698021,2,0,2,3,0,1,1,0,0,0,1,0.8472486496668212,1,2,1,2,0,37352,1,1,1,3860
825,2,1,19,3725904,0,2,2,2,3,0,0,0,0,3,0,2.2325490437976074,1,2,0,1,1,17494,2,1,0,5374
826,2,1,24,1137796,2,1,1,0,3,1,1,1,0,1,1,1.8080334964512754,0,2,1,2,0,41785,1,1,0,3849
827,1,1,29,1775252,0,1,2,0,1,0,3,1,1,2,2,1.361023395703559,0,1,0,1,1,47290,0,1,2,7807
828,1,2,32,1863748,1,1,2,1,2,2,2,1,0,4,2,2.4037250261912093,1,1,0,0,1,43705,1,1,0,7197
829,0,0,40,3223770,0,0,3,1,3,2,2,0,1,3,2,0.576489356725677,0,0,0,0,0,30784,0,1,2,5444
830,2,2,21,2519060,2,2,3,2,1,1,0,1,1,4,0,1.8510303607738707,1,1,1,1,1,23673,0,2,1,5291
831,1,0,32,2486516,2,2,2,1,0,0,2,0,0,0,2,2.19854776871791,1,1,0,2,1,24796,2,1,2,6860
832,2,2,27,1900614,0,1,2,1,0,3,0,1,0,0,1,0.8188005467161628,1,1,0,0,0,33378,0,2,2,7273
833,2,0,34,2151502,1,1,0,3,2,3,2,1,1,4,1,1.4034018324179536,1,1,1,0,1,42813,0,1,2,6370
834,0,0,24,1296582,2,0,2,2,1,0,1,1,0,1,2,1.8224654302344157,0,2,0,0,1,41175,0,1,2,4417
835,2,0,23,3503460,1,2,1,2,0,2,0,1,1,2,0,0.9584022721935048,0,0,0,2,0,10440,1,2,1,6413
836,1,2,42,3396187,1,1,0,1,1,3,3,0,1,4,2,2.3089085793048634,0,0,1,0,0,16184,2,1,1,4828
837,2,0,30,3977236,2,0,0,2,2,2,1,0,0,2,0,0.8450586328392151,1,0,1,2,1,44150,1,1,2,3956
838,1,1,32,3746739,1,0,0,3,1,1,1,0,0,3,2,0.9388565503706192,0,2,0,0,0,11415,0,1,0,4856
839,2,0,20,2716237,0,0,3,3,2,3,0,0,1,0,2,1.7664459936777375,0,0,0,0,1,38831,1,1,0,7256
840,2,2,27,3804878,2,0,3,3,3,0,2,1,0,4,0,2.1029606483286827,0,1,1,0,0,11395,2,1,1,7788
841,2,2,19,1137075,2,1,1,3,2,1,1,0,0,1,2,0.9824644492197039,1,1,0,0,1,35558,0,2,1,3692
842,2,1,45,3699079,2,0,3,1,3,1,2,1,1,4,2,1.6389167932273705,1,0,0,2,1,9734,2,1,2,4266
843,2,2,36,2602567,1,0,0,3,0,1,2,0,1,2,2,2.390847803132629,1,0,0,0,0,31408,1,1,2,6644
844,1,1,34,3876046,2,2,2,2,2,3,0,1,1,0,1,0.5728403030571785,0,0,0,2,0,47024,0,1,0,4500
845,1,2,24,1482048,0,1,2,3,3,2,0,0,1,4,2,1.419121750447817,0,1,1,0,1,168,0,1,0,3721
846,0,1,36,1324906,0,1,1,2,1,0,0,0,1,4,2,1.3006206002304523,0,0,1,2,1,27180,2,2,1,5087
847,0,2,43,2779954,2,1,2,0,3,2,3,0,0,3,1,1.9539867817124317,0,1,0,0,1,46221,2,1,1,7093
848,0,2,23,3781183,2,1,2,2,2,3,0,0,0,3,1,2.0003506957940376,0,1,1,2,0,45464,0,1,0,5457
849,2,2,42,2523549,2,1,3,3,0,2,1,0,1,3,0,1.1046018491036786,0,2,0,0,1,15118,0,2,0,3654
850,2,0,21,3659311,0,2,1,1,0,1,1,1,1,2,1,0.6990492022085804,1,1,1,0,0,23106,0,1,0,5493
851,2,1,36,3322072,2,1,2,2,0,2,0,0,0,0,1,1.9278228518701854,0,2,0,1,0,31640,0,1,1,3664
852,0,2,31,2762177,0,2,1,0,1,3,2,1,0,1,0,1.7660626655378313,1,2,1,0,1,15663,1,1,2,6116
853,0,1,30,3806707,1,1,2,0,3,3,1,0,1,2,1,1.6959766515907342,0,0,0,0,0,16912,0,1,0,4325
854,1,1,30,1126547,0,1,0,2,3,3,2,1,1,1,1,1.1278579609120694,0,2,0,1,1,18189,1,1,2,7135
855,0,1,32,1736328,1,0,1,3,3,3,2,1,1,0,0,1.2469742193657924,1,2,1,2,1,46327,0,1,2,7599
856,0,1,38,2307466,2,1,1,1,1,1,3,1,1,3,1,0.8372652627006469,0,2,0,0,0,11252,2,1,2,7869
857,0,1,26,2597254,2,0,2,3,2,0,2,1,0,0,2,0.675025525678854,0,0,0,2,0,43351,2,1,0,7016
858,0,0,47,2469558,0,0,3,3,1,2,0,0,1,4,1,1.107657128637818,0,0,0,2,0,28255,0,1,2,6368
859,0,1,21,2987645,0,2,2,0,3,3,2,1,0,2,1,1.9110637387307687,0,0,0,0,0,14006,1,1,2,4523
860,1,0,28,3578836,1,1,3,3,1,3,3,1,0,4,2,1.9659583179266646,1,2,1,0,0,38316,1,1,1,3395
861,0,0,40,2498330,2,0,0,1,3,0,3,0,1,1,1,1.383831633517812,0,0,1,2,0,32083,1,1,1,7010
862,1,1,21,3931382,1,0,3,1,1,3,1,0,1,2,2,1.677306836140091,1,1,0,0,0,6496,1,1,2,6077
863,1,0,23,2472806,1,2,3,2,1,1,3,1,1,3,2,1.5907711174023669,1,1,0,2,1,42351,2,1,1,7540
864,0,2,42,3786917,0,1,1,1,2,3,1,0,0,0,1,0.6146994523783236,0,2,1,0,1,41311,1,1,1,5877
865,2,0,43,3034491,2,2,3,2,0,3,3,1,1,3,2,1.6756511987724643,1,0,0,1,0,15935,1,1,2,5692
866,2,0,24,1256613,0,2,1,1,3,3,3,1,0,1,1,0.7868697829885207,1,1,1,2,0,16795,1,1,1,6320
867,2,2,32,1310295,2,1,2,1,0,2,2,0,1,1,0,2.4744955719310404,0,0,0,0,1,31645,2,1,1,5397
868,1,0,48,1504483,2,0,1,1,0,2,2,1,0,2,0,1.1731820142160687,1,1,0,1,1,46617,1,2,1,4127
869,1,2,33,2478223,1,0,2,1,0,0,0,1,1,2,1,1.5669252907639375,0,0,0,0,0,36724,0,1,2,4463
870,1,1,29,2576365,0,0,2,2,3,0,1,0,0,3,1,0.6562952832530042,0,0,1,0,1,30099,2,1,0,7976
871,2,1,43,2296631,2,0,0,1,0,3,0,0,0,4,0,1.170319109128198,0,0,0,1,0,12196,2,3,1,4478
872,1,0,41,2644093,0,2,2,1,2,1,0,0,0,2,2,1.9630691171764205,0,2,0,1,1,29177,0,1,2,3032
873,2,2,34,1231886,2,0,1,0,2,0,1,1,0,1,1,2.4454304436139735,1,1,0,2,0,8294,0,1,1,7927
874,0,0,32,3089786,1,0,0,2,1,3,2,1,0,2,0,1.0359912887122988,0,2,0,1,0,12684,1,1,2,7844
875,2,2,26,2047007,0,0,0,3,1,1,0,1,1,2,1,1.307747996072024,0,0,1,0,1,8100,2,1,1,6846
876,1,1,27,1679486,0,2,0,1,2,0,3,0,0,1,1,1.6468154296333086,0,2,1,0,0,36864,2,1,2,4217
877,2,2,40,2557698,1,1,2,0,1,2,2,1,1,2,0,1.0149143214117133,0,0,1,2,1,25331,2,1,1,4174
878,0,0,42,2014232,0,2,2,0,2,3,1,1,0,0,0,1.4911631564579158,0,2,0,0,1,23284,0,2,1,5700
879,2,2,36,3846392,1,0,2,3,0,3,2,0,0,3,0,1.303444221382304,1,1,1,0,1,44350,1,1,2,3352
880,0,0,38,3375615,1,0,3,1,1,1,1,0,1,0,2,1.695897978915148,1,0,0,1,0,47390,0,1,2,6845
881,1,2,18,1075583,2,1,3,3,2,0,0,0,1,4,2,1.3600001289918064,0,1,0,0,1,35535,0,2,0,5704
882,2,1,34,3295150,0,0,3,3,3,3,1,0,1,1,1,1.4344779005520927,0,0,1,2,0,27667,1,1,2,4954
883,2,2,36,2246788,2,1,3,3,2,3,2,1,0,1,2,0.8812500236213396,1,2,1,0,1,47826,1,1,1,6303
884,2,0,22,3404025,2,0,3,1,3,1,0,0,1,2,0,2.3072439662478126,0,0,0,1,0,7313,1,1,2,5654
885,1,1,45,2116528,2,1,0,1,2,3,1,0,0,4,2,0.8793986488609733,1,0,0,1,1,30372,1,1,2,4670
886,0,2,25,1898652,2,1,1,0,1,1,0,1,1,0,1,1.1762379379002306,1,0,0,2,0,9173,1,2,2,6888
887,1,2,28,3605300,2,0,2,0,3,2,0,0,0,0,1,1.1511184819177174,1,2,1,2,0,10907,1,1,2,3207
888,2,0,31,1201541,1,2,2,2,0,2,0,1,1,1,0,1.7582371573107305,1,0,1,2,0,43990,1,1,1,6505
889,2,1,34,3460399,0,0,0,2,2,0,3,1,0,3,2,1.3226855088316523,0,1,0,1,0,24435,2,1,2,5170
890,0,2,33,3843214,1,1,2,3,1,0,1,1,0,1,1,0.9116518749965259,1,0,1,1,1,40164,0,1,1,4686
891,2,2,38,2481968,0,1,0,3,3,3,3,0,0,2,0,0.5329133141310107,0,1,1,1,0,1816,1,2,2,3247
892,1,1,18,1878910,0,1,2,0,0,1,3,1,1,3,1,1.4113792929496674,0,1,0,1,0,34389,1,1,2,7076
893,2,2,46,3389241,2,0,2,1,3,1,2,0,1,1,0,1.7190853179030747,0,0,1,2,0,22042,2,1,0,5472
894,0,0,22,3600379,0,0,3,3,0,0,1,0,1,4,2,1.2531679090308112,0,1,1,2,1,46601,0,1,1,6796
895,1,0,35,3251895,2,1,3,1,0,1,0,0,1,3,2,1.007742573904777,1,2,1,0,1,36209,1,1,1,4565
896,0,1,40,3036550,0,0,1,3,2,2,3,1,0,0,2,1.203114389211211,1,2,0,2,1,31496,2,1,1,5252
897,0,0,19,3988228,0,2,2,0,0,2,0,0,1,2,2,0.8934027879870561,0,2,0,2,1,34668,2,1,2,4493
898,2,1,19,3593360,2,2,0,0,3,1,1,1,1,0,0,0.5633100687667827,0,2,1,2,1,29526,2,1,0,4412
899,2,0,24,1149702,0,0,1,1,2,1,3,0,0,2,1,1.4715120931036934,1,0,0,0,1,10936,0,2,1,5366
900,0,2,19,3668006,2,2,3,3,2,1,2,1,1,2,0,2.163031103601864,1,2,0,0,1,103,0,1,1,5749
901,1,1,36,1977294,0,1,3,0,0,0,1,1,1,1,1,2.1291513337038337,0,2,1,1,1,34498,2,1,1,5447
902,0,1,44,2782110,0,2,2,1,0,0,3,1,0,4,1,1.2042109945727262,0,0,0,0,0,34299,0,1,0,7536
903,0,1,22,3721683,2,0,1,1,0,3,2,1,1,0,1,1.35399103278485,0,2,0,2,1,9855,1,1,2,6374
904,1,0,47,1321688,1,0,2,1,2,0,1,0,0,4,1,1.016842887017577,0,2,1,0,1,47359,1,1,1,6147
905,1,2,42,3439906,2,1,1,0,1,3,0,0,0,4,2,0.8949111128860956,1,2,0,2,1,3285,2,1,2,5059
906,0,1,45,3828344,2,2,0,3,3,3,1,0,0,3,2,1.095879866904345,1,2,1,1,0,28438,1,1,1,7503
907,0,1,35,2744174,2,0,2,3,3,1,1,1,1,2,1,0.8196140380902355,1,0,0,2,0,21610,0,1,0,7452
908,0,1,44,2723812,1,0,3,2,3,1,1,0,1,4,2,0.9196152746841546,0,1,0,2,0,40016,0,1,1,6919
909,2,0,28,1675178,0,0,0,0,0,2,0,0,1,1,1,1.408070316585628,1,0,0,0,1,27463,1,1,0,5676
910,1,2,28,3935819,2,1,0,1,0,1,0,1,1,4,1,0.8319218013656362,1,2,0,1,1,20961,1,1,2,5994
911,0,1,49,1782511,2,0,0,0,1,0,1,0,1,4,0,0.5719879320741543,0,0,1,1,1,43008,1,1,2,5163
912,1,2,29,3493581,2,1,2,0,3,0,2,0,0,4,2,1.5307599581232318,0,1,1,0,1,16208,0,1,1,6716
913,2,1,23,3943644,0,0,2,3,2,3,2,0,0,1,1,0.749702244172135,0,0,1,2,0,11791,2,1,1,3881
914,1,1,43,3835283,0,1,3,2,1,1,2,0,0,0,1,2.1419559005084805,1,1,1,1,1,28004,0,1,1,4435
915,1,0,32,3318903,0,1,1,2,3,3,1,1,0,2,2,2.1251091492178347,1,1,1,1,1,38335,2,1,2,4791
916,0,0,18,1898765,1,0,3,3,3,2,0,1,0,3,1,2.0060426592923104,1,2,0,1,0,41906,2,1,2,7589
917,0,1,28,2658359,1,0,0,2,2,2,2,1,0,4,0,1.6132636110520275,1,0,1,0,1,38129,2,1,2,3997
918,2,1,38,3187526,0,2,1,1,1,0,0,0,0,3,0,1.4768487766447427,0,0,0,2,0,1053,0,2,2,4126
919,2,0,21,2533970,1,2,0,3,1,2,1,1,1,4,1,1.649929595092158,0,1,0,0,0,43176,2,2,1,5997
920,2,2,38,3337622,0,0,1,1,2,0,1,0,0,3,2,1.9900641485718198,1,0,0,2,0,10288,0,1,1,3967
921,2,1,45,3515992,1,0,0,0,0,1,3,0,0,4,1,0.7517124134114264,0,0,0,0,0,26042,1,1,2,6421
922,0,2,46,1699181,1,0,3,2,3,3,2,0,1,2,2,2.150299221824344,0,0,0,1,0,31931,0,1,2,6528
923,2,2,40,1366464,0,0,0,0,0,0,0,1,0,0,2,1.5984275947731978,1,1,1,2,0,30860,1,3,1,4289
924,0,1,21,2859786,1,2,3,0,3,2,3,0,1,1,0,1.809427184413813,0,0,0,0,1,41833,2,1,1,4243
925,2,1,49,2359863,1,1,2,0,2,1,0,0,1,3,0,0.7263276574909014,0,1,1,2,1,12210,2,1,0,4717
926,1,0,48,1201657,0,1,2,3,2,3,3,0,0,4,1,0.5783072336136872,1,1,0,0,1,14042,2,1,1,5782
927,2,2,26,1351981,2,2,2,2,0,2,3,1,0,0,1,1.3441267220902735,0,0,1,2,0,679,1,1,0,6850
928,2,1,33,1060261,2,0,3,2,0,1,0,0,0,0,0,2.1415375953097637,1,1,0,0,1,25694,0,2,1,7355
929,2,2,19,1926311,0,2,3,1,1,2,1,0,0,0,0,2.3534921086137786,1,1,0,1,0,34392,2,2,1,3042
930,2,1,27,1185925,0,1,1,0,0,1,1,1,1,0,1,1.1484048557205633,0,1,0,0,1,46791,2,2,2,6360
931,1,0,48,2865800,2,1,2,0,2,2,3,0,0,0,0,2.219094590528007,0,2,1,0,1,30499,0,1,2,7367
932,0,0,24,3940738,0,1,2,0,1,1,3,1,0,2,2,1.087700054827546,0,0,0,1,0,46460,2,1,1,4562
933,1,0,18,2750120,0,0,3,2,3,1,0,0,1,3,0,1.6017700928883265,1,0,0,2,1,4724,2,1,1,6223
934,2,0,31,1555541,2,1,1,3,0,1,1,0,1,2,2,1.810780678397179,0,0,0,2,1,42082,2,2,2,5281
935,0,1,35,1849234,2,0,1,3,1,3,3,0,1,0,2,0.8659413763840083,1,0,0,0,0,302,2,2,2,4672
936,0,0,46,2790540,2,0,1,1,3,0,3,0,0,4,1,0.5204136703457924,0,0,1,0,1,5174,1,1,2,6576
937,1,0,36,1830234,0,0,3,3,0,2,3,1,1,3,2,0.5467544663810251,1,1,1,0,1,12429,2,1,1,4555
938,1,0,41,2440010,1,0,0,3,2,3,0,0,1,2,2,0.6095835364312618,1,2,1,2,0,17088,0,1,1,4852
939,1,2,33,2302354,0,2,2,2,2,3,0,0,0,2,0,0.7221626686229892,1,0,1,1,0,13764,1,1,2,3742
940,2,0,36,1418452,2,0,1,1,2,0,2,0,1,3,0,1.387368982833156,1,0,1,0,0,29004,2,2,0,3181
941,0,2,18,2254596,0,0,3,3,2,0,2,0,1,4,1,1.0217896367559296,1,0,1,1,0,35832,0,2,1,3039
942,2,0,28,1519825,1,0,1,2,0,2,3,0,0,0,0,2.4461239635959915,0,2,0,1,1,45298,1,2,0,4058
943,0,2,28,2824678,1,0,1,0,1,3,0,0,0,2,0,1.6561722468851698,1,0,1,2,1,37746,0,1,2,7162
944,2,0,43,1280761,0,1,2,3,1,2,1,1,0,4,2,2.4530681159108747,0,2,1,2,0,9608,2,1,1,6132
945,1,0,23,1160509,0,2,0,1,2,0,3,1,0,2,0,0.7881794891951222,1,0,1,1,1,35114,1,2,1,4579
946,2,0,25,1950133,1,2,3,3,0,3,0,0,1,2,2,1.7267422926135727,0,1,0,0,0,37566,0,3,0,3639
947,1,1,36,3060374,0,0,3,3,3,3,0,1,1,0,2,2.385896940783507,1,1,0,1,1,15047,1,1,1,7845
948,1,1,47,3519298,0,0,2,2,0,2,3,1,1,2,1,1.1812615725355948,1,2,1,0,1,5871,0,1,1,3462
949,1,2,28,2364291,2,0,2,1,0,0,1,1,0,0,0,1.875317676126497,1,0,0,0,0,24568,1,1,0,6228
950,2,1,26,2572956,1,2,2,0,1,0,1,0,0,2,2,0.8833814825883413,0,0,1,1,1,34578,2,1,0,5770
951,2,0,19,2902693,0,0,2,0,3,3,1,0,0,0,0,1.7362590868608276,0,2,1,1,0,8940,1,1,1,7582
952,0,0,40,2787472,2,2,2,3,1,1,0,0,1,4,1,0.7746744558144805,0,2,0,0,1,48176,0,1,0,7025
953,0,1,39,2759770,2,1,0,1,1,1,2,0,0,3,0,2.1811828051074453,0,0,1,2,0,6502,1,1,1,5362
954,0,2,49,1010621,1,0,2,3,3,1,0,1,1,0,0,1.7982020043226759,0,0,1,2,0,39317,0,1,1,5066
955,1,2,22,3616170,2,1,3,2,3,1,1,0,1,0,1,0.7901273107491609,1,0,0,1,0,2966,2,1,1,5554
956,1,1,18,1309930,0,0,0,3,3,3,2,0,0,3,2,2.435351406200765,1,2,0,0,1,18468,0,1,2,3677
957,1,1,42,2034848,1,0,2,3,1,2,0,1,0,4,0,2.385655349871361,0,2,0,0,1,48357,1,1,1,5347
958,0,1,39,3102192,0,2,0,0,0,1,3,1,0,2,0,2.3310220135585435,1,1,1,0,0,25779,0,2,0,4390
959,1,1,26,1834934,2,2,0,2,1,0,2,0,1,3,1,0.9310086594746032,1,2,0,2,0,23834,0,1,0,5193
960,2,0,35,3039850,0,2,3,0,3,1,3,0,0,2,2,2.330434386990918,0,0,1,0,0,3078,0,1,2,3788
961,1,1,30,2873425,1,2,3,1,1,0,0,0,1,1,2,1.9135567292628572,1,1,1,1,0,36130,0,1,2,6330
962,1,2,34,3469015,1,2,3,0,3,1,3,0,1,4,1,1.5789523549796536,0,2,1,2,0,22389,1,1,2,5304
963,1,1,18,2272092,0,2,3,0,0,0,3,0,0,3,2,2.29533359698259,1,2,1,2,0,8376,1,1,0,3325
964,2,0,42,1650330,0,1,0,1,2,2,1,1,1,4,2,2.4304071222390133,0,1,0,0,1,2631,0,2,1,3334
965,0,2,47,3040519,1,0,2,3,3,2,1,1,0,2,2,1.4894778350366884,0,2,1,2,1,35183,1,1,1,5640
966,0,1,41,3189355,0,2,0,2,3,1,2,0,0,0,2,1.3085388821714568,0,2,1,0,0,23686,1,1,0,3761
967,0,0,46,1970507,0,1,3,2,3,0,3,0,1,4,1,1.9300248027912452,0,2,1,0,1,1824,1,1,0,6105
968,0,1,32,3527570,2,2,2,1,1,1,3,1,1,3,2,0.6959778304423474,1,2,0,0,0,24272,1,1,1,6451
969,0,1,24,3370829,2,1,2,1,3,3,2,1,1,0,1,2.168628997681124,1,1,1,1,1,13768,0,1,1,6281
970,0,2,27,1501165,2,2,2,3,3,2,0,1,0,2,2,1.6424719680607882,0,0,0,2,0,27815,0,2,0,5785
971,1,1,33,3534506,1,2,3,2,0,0,1,0,1,4,2,1.5170295651485188,0,1,1,0,1,19140,0,1,0,7413
972,0,2,36,1803967,2,2,0,3,2,0,1,0,0,0,0,0.7528700468753797,0,1,0,2,1,29663,2,3,0,3062
973,1,1,38,2613720,2,0,1,3,3,3,2,0,1,4,0,0.9038044658470226,1,1,0,1,1,29073,0,1,0,3210
974,0,1,38,3646791,0,1,3,1,2,1,3,0,0,2,0,1.2451405366437436,1,0,1,1,1,27579,1,1,2,6825
975,0,0,23,3539597,2,1,2,0,1,0,3,0,1,3,2,1.3606528998625889,0,1,1,1,0,3370,2,1,2,6721
976,2,0,45,3216425,0,0,0,1,0,3,1,0,1,4,0,2.078489219150479,0,1,0,2,0,5469,1,1,1,3261
977,0,0,41,1825820,1,1,0,3,3,1,3,0,0,1,2,1.3597484269851934,0,2,0,0,0,4909,1,2,1,5487
978,2,0,18,3677005,2,2,2,2,1,2,0,0,1,4,1,1.7488720894420249,1,2,1,0,0,37018,0,1,0,3884
979,0,1,48,2236884,2,2,3,2,2,3,3,1,0,3,2,1.4322072278631313,0,1,0,2,1,36303,2,1,2,4766
980,2,0,43,1669922,0,0,0,2,1,1,1,0,1,4,2,0.6739445598056155,1,0,0,0,1,21781,0,2,1,5828
981,2,0,45,3966104,1,2,0,0,1,0,0,1,0,3,2,1.665544964417445,0,0,0,1,0,29520,1,2,0,7354
982,2,1,20,3490528,0,0,3,1,3,0,3,0,0,0,2,1.518909740990735,1,0,1,1,1,35346,1,1,2,5895
983,2,2,37,2563068,0,0,3,1,0,0,0,1,1,3,0,0.8094667056010623,1,0,0,1,1,1075,2,2,2,6493
984,1,0,33,1691459,1,1,3,2,2,3,3,0,1,2,1,2.29904430463264,1,1,0,0,1,8782,0,1,1,3606
985,2,1,26,3544974,2,1,2,0,2,0,3,1,1,0,0,1.2748803237084483,1,0,0,1,0,32509,0,1,1,4623
986,0,2,19,1959102,1,0,0,1,0,0,1,0,1,0,1,2.400712025485391,1,1,0,0,0,10903,2,2,1,4936
987,0,1,31,3455601,1,0,2,2,1,3,3,0,0,3,2,0.7723530524889286,0,2,1,0,1,16926,0,1,2,7541
988,1,2,33,2371065,2,0,2,3,3,3,3,1,1,4,2,1.145804417091583,1,0,1,2,0,32022,0,1,2,3606
989,2,2,31,3436241,1,0,3,0,0,0,0,1,1,3,2,2.1697595832644865,0,2,0,0,1,16701,0,2,0,7002
990,1,2,37,3541201,0,0,1,1,2,1,3,1,1,1,1,2.246695157386764,0,2,0,0,1,38686,2,1,2,5348
991,2,1,27,2523401,1,1,0,3,1,2,0,0,0,0,2,1.5655218533623827,1,1,1,0,1,16094,2,1,2,7408
992,2,0,42,3342671,1,0,0,2,0,3,3,0,0,3,1,0.5620052518785241,0,0,0,0,0,11601,1,2,0,5968
993,0,0,19,2172447,2,1,1,0,3,0,3,0,1,0,2,1.4894118836121901,1,2,0,0,1,4722,0,2,2,4185
994,1,0,21,1807764,1,1,1,0,2,1,1,0,0,0,2,0.8987518583312355,0,1,1,2,1,20899,0,1,0,6376
995,1,0,47,2114914,2,1,0,2,1,0,3,1,1,2,2,1.5834241102528508,1,0,0,1,0,14244,1,1,2,5152
996,2,2,22,1562324,0,1,0,0,0,0,2,0,0,2,0,2.0251749143734084,0,2,1,2,1,34565,0,2,0,3960
997,1,0,44,2790643,0,1,0,1,1,1,1,0,0,2,1,0.9577328619547807,1,2,1,1,1,4956,2,1,0,7405
998,0,1,39,1005256,2,0,0,2,0,2,0,1,0,1,1,0.7660751339440874,0,0,0,2,1,44006,2,1,2,4740
999,1,1,23,2303683,1,1,0,1,3,2,3,0,1,3,2,1.8287985563558309,0,1,1,0,0,46938,1,1,2,6876
